"Time","Amount","NormalizedAmount","Legend"
0,0,0,"Raltegravir - BloodCells"
0.05,0.0306784132089888,3.40849672205248e-05,"Raltegravir - BloodCells"
0.1,0.221797059799428,0.000246425571667351,"Raltegravir - BloodCells"
0.15,0.591414443362737,0.000657085546714568,"Raltegravir - BloodCells"
0.2,1.10462066260516,0.00122727856944633,"Raltegravir - BloodCells"
0.25,1.70608045466361,0.00189552490790979,"Raltegravir - BloodCells"
0.3,2.33477487857454,0.00259403003217261,"Raltegravir - BloodCells"
0.35,2.93822398563498,0.00326448658066787,"Raltegravir - BloodCells"
0.4,3.47870042538852,0.00386497792964898,"Raltegravir - BloodCells"
0.45,3.93372976226965,0.00437053406536939,"Raltegravir - BloodCells"
0.5,4.29381701012608,0.00477060567129323,"Raltegravir - BloodCells"
0.55,4.559292384336,0.00506555963016196,"Raltegravir - BloodCells"
0.6,4.7370039683592,0.00526300444175879,"Raltegravir - BloodCells"
0.65,4.83752375462791,0.00537468602048461,"Raltegravir - BloodCells"
0.7,4.87302616325906,0.00541413064319696,"Raltegravir - BloodCells"
0.75,4.85574282080051,0.00539492814542932,"Raltegravir - BloodCells"
0.8,4.79702284783707,0.00532968786262803,"Raltegravir - BloodCells"
0.85,4.70682870113524,0.00522947849023082,"Raltegravir - BloodCells"
0.9,4.59358911923482,0.00510366470022649,"Raltegravir - BloodCells"
0.95,4.46423245908227,0.00495994417951311,"Raltegravir - BloodCells"
1,4.32431304157944,0.00480448800495121,"Raltegravir - BloodCells"
1.05,4.17820535748615,0.00464215641403543,"Raltegravir - BloodCells"
1.1,4.0292980770173,0.00447671435746286,"Raltegravir - BloodCells"
1.15,3.88016490271548,0.00431102132363668,"Raltegravir - BloodCells"
1.2,3.73271989705972,0.00414720391396916,"Raltegravir - BloodCells"
1.25,3.58835816528881,0.0039868121472311,"Raltegravir - BloodCells"
1.3,3.44806719347253,0.00383094316068611,"Raltegravir - BloodCells"
1.35,3.31251407851232,0.00368033812617589,"Raltegravir - BloodCells"
1.4,3.18212105325074,0.00353546616159449,"Raltegravir - BloodCells"
1.45,3.05712368182139,0.0033965889882936,"Raltegravir - BloodCells"
1.5,2.93761622358579,0.00326381133226493,"Raltegravir - BloodCells"
1.55,2.82358792351442,0.00313712124423241,"Raltegravir - BloodCells"
1.6,2.71495073774713,0.00301642090387963,"Raltegravir - BloodCells"
1.65,2.61156247247709,0.0029015523280928,"Raltegravir - BloodCells"
1.7,2.51324441054021,0.0027923169548199,"Raltegravir - BloodCells"
1.75,2.41979298165825,0.00268848860918632,"Raltegravir - BloodCells"
1.8,2.33098884382343,0.00258982359328322,"Raltegravir - BloodCells"
1.85,2.24660511828552,0.00249606983557378,"Raltegravir - BloodCells"
1.9,2.16641316104506,0.00240697330325737,"Raltegravir - BloodCells"
1.95,2.09018704708433,0.00232228298443286,"Raltegravir - BloodCells"
2,2.01770638285961,0.00224175401289213,"Raltegravir - BloodCells"
2.25,1.70434911089251,0.00189360131442785,"Raltegravir - BloodCells"
2.5,1.45674854096433,0.00161850699151441,"Raltegravir - BloodCells"
2.75,1.25786229388905,0.00139753626639921,"Raltegravir - BloodCells"
3,1.09556235594209,0.00121721442161767,"Raltegravir - BloodCells"
3.25,0.961267286904331,0.00106800712739265,"Raltegravir - BloodCells"
3.5,0.848837552526675,0.000943093110987401,"Raltegravir - BloodCells"
3.75,0.753795876582444,0.000837497936065066,"Raltegravir - BloodCells"
4,0.672804252375499,0.000747512941162464,"Raltegravir - BloodCells"
4.25,0.603318223995302,0.000670311132076408,"Raltegravir - BloodCells"
4.5,0.543360296025639,0.000603695430816548,"Raltegravir - BloodCells"
4.75,0.491364236127993,0.000545925689430822,"Raltegravir - BloodCells"
5,0.446071941420087,0.000495604104349329,"Raltegravir - BloodCells"
5.25,0.406463306473597,0.000451597296871905,"Raltegravir - BloodCells"
5.5,0.37169725773856,0.000412970800010793,"Raltegravir - BloodCells"
5.75,0.341077110602782,0.000378950568771948,"Raltegravir - BloodCells"
6,0.31402037576845,0.000348889433809061,"Raltegravir - BloodCells"
6.25,0.289995353914492,0.000322196655509672,"Raltegravir - BloodCells"
6.5,0.268592706956042,0.000298417442580971,"Raltegravir - BloodCells"
6.75,0.249479557220184,0.000277181954363581,"Raltegravir - BloodCells"
7,0.232368719331134,0.000258171116202203,"Raltegravir - BloodCells"
7.25,0.217012561219235,0.00024110979877644,"Raltegravir - BloodCells"
7.5,0.203197354863732,0.000225760541545817,"Raltegravir - BloodCells"
7.75,0.190738289697038,0.000211918012438714,"Raltegravir - BloodCells"
8,0.179475232336699,0.000199404296741791,"Raltegravir - BloodCells"
8.25,0.169269339105085,0.000188065133471318,"Raltegravir - BloodCells"
8.5,0.159999847650397,0.000177766350733383,"Raltegravir - BloodCells"
8.75,0.151561200534161,0.000168390669912375,"Raltegravir - BloodCells"
9,0.143861052370994,0.000159835491522058,"Raltegravir - BloodCells"
9.25,0.136818575882899,0.000152011013162868,"Raltegravir - BloodCells"
9.5,0.130362860350942,0.000144838450136456,"Raltegravir - BloodCells"
9.75,0.124431462089888,0.000138248424963945,"Raltegravir - BloodCells"
10,0.11896929771774,0.000132179737763291,"Raltegravir - BloodCells"
10.25,0.113927720776701,0.000126578340337536,"Raltegravir - BloodCells"
10.5,0.10926370875768,0.000121396432925915,"Raltegravir - BloodCells"
10.75,0.104939132700565,0.000116591652699985,"Raltegravir - BloodCells"
11,0.100920143225267,0.000112126391619108,"Raltegravir - BloodCells"
11.25,0.0971766670209036,0.000107967237009405,"Raltegravir - BloodCells"
11.5,0.0936819493736039,0.000104084463293511,"Raltegravir - BloodCells"
11.75,0.0904121664534614,0.000100451601225579,"Raltegravir - BloodCells"
12,0.0873460785669522,9.70450526405855e-05,"Raltegravir - BloodCells"
12.25,0.0844647335497939,9.38437609117132e-05,"Raltegravir - BloodCells"
12.5,0.0817512154790165,9.08289317592181e-05,"Raltegravir - BloodCells"
12.75,0.0791903955760063,8.79837564935627e-05,"Raltegravir - BloodCells"
13,0.076768761789026,8.52932226746508e-05,"Raltegravir - BloodCells"
13.25,0.074474208693573,8.27438806825639e-05,"Raltegravir - BloodCells"
13.5,0.0722959096942759,8.03237017286606e-05,"Raltegravir - BloodCells"
13.75,0.0702241644207788,7.80219083061854e-05,"Raltegravir - BloodCells"
14,0.068250275119226,7.58288368561712e-05,"Raltegravir - BloodCells"
14.25,0.0663664466078444,7.37358266140144e-05,"Raltegravir - BloodCells"
14.5,0.0645656752276409,7.17350962291746e-05,"Raltegravir - BloodCells"
14.75,0.0628416814811317,6.98196689240576e-05,"Raltegravir - BloodCells"
15,0.061188815294372,6.79832672362706e-05,"Raltegravir - BloodCells"
15.25,0.0596019998743031,6.62202506418457e-05,"Raltegravir - BloodCells"
15.5,0.0580766590028361,6.45255347760053e-05,"Raltegravir - BloodCells"
15.75,0.0566086792291571,6.28945494272722e-05,"Raltegravir - BloodCells"
16,0.0551943402097095,6.13231611423508e-05,"Raltegravir - BloodCells"
16.25,0.0538302884015138,5.98076439983342e-05,"Raltegravir - BloodCells"
16.5,0.0525134882286693,5.83446253466969e-05,"Raltegravir - BloodCells"
16.75,0.0512411925315064,5.69310529810993e-05,"Raltegravir - BloodCells"
17,0.0500109042027361,5.55641525135861e-05,"Raltegravir - BloodCells"
17.25,0.0488203565951153,5.42414056067043e-05,"Raltegravir - BloodCells"
17.5,0.04766748263728,5.29605156599356e-05,"Raltegravir - BloodCells"
17.75,0.0465503987165903,5.17193899028795e-05,"Raltegravir - BloodCells"
18,0.045467382559309,5.05161148192316e-05,"Raltegravir - BloodCells"
18.25,0.044416850782909,4.93489312064813e-05,"Raltegravir - BloodCells"
18.5,0.0433973514150239,4.82162258641617e-05,"Raltegravir - BloodCells"
18.75,0.0424075418100074,4.7116507058247e-05,"Raltegravir - BloodCells"
19,0.0414461828922867,4.60483981252834e-05,"Raltegravir - BloodCells"
19.25,0.0405121252492791,4.50106220210529e-05,"Raltegravir - BloodCells"
19.5,0.0396042982370091,4.40019892164702e-05,"Raltegravir - BloodCells"
19.75,0.0387217049549236,4.3021392114397e-05,"Raltegravir - BloodCells"
20,0.0378634130697719,4.20677948545992e-05,"Raltegravir - BloodCells"
20.25,0.037028544938039,4.11402223393675e-05,"Raltegravir - BloodCells"
20.5,0.0362162764449749,4.02377589436323e-05,"Raltegravir - BloodCells"
20.75,0.0354258297425076,3.9359540446488e-05,"Raltegravir - BloodCells"
21,0.0346564675148784,3.85047476600811e-05,"Raltegravir - BloodCells"
21.25,0.0339074908997645,3.76726041198926e-05,"Raltegravir - BloodCells"
21.5,0.0331782370601559,3.68623733869934e-05,"Raltegravir - BloodCells"
21.75,0.0324680699848159,3.60733488269823e-05,"Raltegravir - BloodCells"
22,0.0317763844243473,3.53048579831151e-05,"Raltegravir - BloodCells"
22.25,0.031102601577004,3.45562577830657e-05,"Raltegravir - BloodCells"
22.5,0.0304461642631395,3.38269291775417e-05,"Raltegravir - BloodCells"
22.75,0.0298065394129026,3.31162799042158e-05,"Raltegravir - BloodCells"
23,0.0291832123291442,3.24237381135816e-05,"Raltegravir - BloodCells"
23.25,0.0285756881389716,3.17487539816891e-05,"Raltegravir - BloodCells"
23.5,0.0279834899595244,3.10907976722474e-05,"Raltegravir - BloodCells"
23.75,0.0274061574186817,3.04493576930702e-05,"Raltegravir - BloodCells"
24,0.0268432436309922,2.98239375362103e-05,"Raltegravir - BloodCells"
0,0,0,"Raltegravir - Feces"
0.05,2.21862744788954e-21,2.46498550367378e-24,"Raltegravir - Feces"
0.1,6.07912196162931e-18,6.75415222359009e-21,"Raltegravir - Feces"
0.15,5.4560944377072e-16,6.06194325614104e-19,"Raltegravir - Feces"
0.2,1.22565802992969e-14,1.3617560168166e-17,"Raltegravir - Feces"
0.25,1.30205321893263e-13,1.44663418490283e-16,"Raltegravir - Feces"
0.3,8.62415932938176e-13,9.58179244943581e-16,"Raltegravir - Feces"
0.35,4.1420204939524e-12,4.60195355611625e-15,"Raltegravir - Feces"
0.4,1.57457276384054e-11,1.74941450446697e-14,"Raltegravir - Feces"
0.45,5.00728868091382e-11,5.56330177150901e-14,"Raltegravir - Feces"
0.5,1.38495798163163e-10,1.53874475463049e-13,"Raltegravir - Feces"
0.55,3.42362027616616e-10,3.80378163934686e-13,"Raltegravir - Feces"
0.6,7.71850139358321e-10,8.57556957720273e-13,"Raltegravir - Feces"
0.65,1.61086977090719e-09,1.78974195842105e-12,"Raltegravir - Feces"
0.7,3.14869752493507e-09,3.49833125962701e-12,"Raltegravir - Feces"
0.75,5.81909764818533e-09,6.46525461536307e-12,"Raltegravir - Feces"
0.8,1.0244257886427e-08,1.13817879653293e-11,"Raltegravir - Feces"
0.85,1.72849770052608e-08,1.92043138156577e-11,"Raltegravir - Feces"
0.9,2.80959415732696e-08,3.12157359975216e-11,"Raltegravir - Feces"
0.95,4.41815153351399e-08,4.90874639340904e-11,"Raltegravir - Feces"
1,6.74528379818184e-08,7.49428517009481e-11,"Raltegravir - Feces"
1.05,1.00291991600443e-07,1.1142848956675e-10,"Raltegravir - Feces"
1.1,1.45608225921023e-07,1.61776672533463e-10,"Raltegravir - Feces"
1.15,2.0689186897016e-07,2.29865297269509e-10,"Raltegravir - Feces"
1.2,2.88267727910352e-07,3.20277192618313e-10,"Raltegravir - Feces"
1.25,3.94544400705854e-07,4.38354906868533e-10,"Raltegravir - Feces"
1.3,5.31257455804734e-07,5.90248682140384e-10,"Raltegravir - Feces"
1.35,7.04707531440363e-07,7.82958784262149e-10,"Raltegravir - Feces"
1.4,9.21993603242299e-07,1.02437246444153e-09,"Raltegravir - Feces"
1.45,1.19103947326948e-06,1.32329338966093e-09,"Raltegravir - Feces"
1.5,1.52061500102718e-06,1.68946523120249e-09,"Raltegravir - Feces"
1.55,1.9203512238164e-06,2.13358846397239e-09,"Raltegravir - Feces"
1.6,2.40074905377696e-06,2.66733002927015e-09,"Raltegravir - Feces"
1.65,2.97318365483079e-06,3.30332819775094e-09,"Raltegravir - Feces"
1.7,3.64990501111606e-06,4.05519320097915e-09,"Raltegravir - Feces"
1.75,4.44402894572704e-06,4.93749725288228e-09,"Raltegravir - Feces"
1.8,5.36952666152501e-06,5.96576292916575e-09,"Raltegravir - Feces"
1.85,6.44120927972835e-06,7.15644598905635e-09,"Raltegravir - Feces"
1.9,7.67470919527113e-06,8.52691466034594e-09,"Raltegravir - Feces"
1.95,9.08645506569883e-06,1.00954218510353e-08,"Raltegravir - Feces"
2,1.06936504380428e-05,1.18810814029209e-08,"Raltegravir - Feces"
2.25,2.23136212298414e-05,2.47913424664189e-08,"Raltegravir - Feces"
2.5,4.17871815443505e-05,4.64272615234213e-08,"Raltegravir - Feces"
2.75,7.19249510439113e-05,7.99115515515405e-08,"Raltegravir - Feces"
3,0.000115739654575009,1.28591472623759e-07,"Raltegravir - Feces"
3.25,0.000176323475898243,1.95902566904591e-07,"Raltegravir - Feces"
3.5,0.000256738858297467,2.85247333676962e-07,"Raltegravir - Feces"
3.75,0.000359928817488253,3.99895583328762e-07,"Raltegravir - Feces"
4,0.000488649820908904,5.42909863509994e-07,"Raltegravir - Feces"
4.25,0.000645427266135812,7.17095993837982e-07,"Raltegravir - Feces"
4.5,0.000832532998174429,9.24978086691466e-07,"Raltegravir - Feces"
4.75,0.00105198123492301,1.16879402023478e-06,"Raltegravir - Feces"
5,0.00130554137285799,1.45050966605617e-06,"Raltegravir - Feces"
5.25,0.00159476127009839,1.77184475760107e-06,"Raltegravir - Feces"
5.5,0.00192100403364748,2.13431376229672e-06,"Raltegravir - Feces"
5.75,0.00228548888117075,2.53927128065261e-06,"Raltegravir - Feces"
6,0.00268933386541903,2.98795951483556e-06,"Raltegravir - Feces"
6.25,0.00313360220752656,3.48155974685197e-06,"Raltegravir - Feces"
6.5,0.00361934630200267,4.02124122988677e-06,"Raltegravir - Feces"
6.75,0.00414764834567904,4.6082063287195e-06,"Raltegravir - Feces"
7,0.00471965689212084,5.24373113316461e-06,"Raltegravir - Feces"
7.25,0.00533661898225546,5.92920115650934e-06,"Raltegravir - Feces"
7.5,0.00599990598857403,6.66614004947478e-06,"Raltegravir - Feces"
7.75,0.00671103596687317,7.45623443391174e-06,"Raltegravir - Feces"
8,0.00747168436646461,8.30134580228012e-06,"Raltegravir - Feces"
8.25,0.00828369334340096,9.2035208650222e-06,"Raltegravir - Feces"
8.5,0.00914907362312078,1.01649936200373e-05,"Raltegravir - Feces"
8.75,0.0100700045004487,1.11881853526819e-05,"Raltegravir - Feces"
9,0.0110488189384341,1.22756880799721e-05,"Raltegravir - Feces"
9.25,0.0120879989117384,1.3430259376897e-05,"Raltegravir - Feces"
9.5,0.0131901521235704,1.46547965079858e-05,"Raltegravir - Feces"
9.75,0.0143579980358481,1.59523209062472e-05,"Raltegravir - Feces"
10,0.0155943464487791,1.73259543742114e-05,"Raltegravir - Feces"
10.25,0.0169020723551512,1.87788911460214e-05,"Raltegravir - Feces"
10.5,0.0182840898633003,2.03143689147886e-05,"Raltegravir - Feces"
10.75,0.0197433326393366,2.1935647103108e-05,"Raltegravir - Feces"
11,0.0212827268987894,2.36459768556762e-05,"Raltegravir - Feces"
11.25,0.0229051653295755,2.54485720666456e-05,"Raltegravir - Feces"
11.5,0.0246134866029024,2.73465866154036e-05,"Raltegravir - Feces"
11.75,0.0264104437083006,2.93430791855031e-05,"Raltegravir - Feces"
12,0.0282986983656883,3.14410070562381e-05,"Raltegravir - Feces"
12.25,0.0302807837724686,3.36431847131513e-05,"Raltegravir - Feces"
12.5,0.0323591008782387,3.5952279709084e-05,"Raltegravir - Feces"
12.75,0.0345358960330486,3.83707878304804e-05,"Raltegravir - Feces"
13,0.0368132442235947,4.09010144721158e-05,"Raltegravir - Feces"
13.25,0.0391930341720581,4.35450580812991e-05,"Raltegravir - Feces"
13.5,0.0416769757866859,4.63048184357714e-05,"Raltegravir - Feces"
13.75,0.0442665666341782,4.91819593931623e-05,"Raltegravir - Feces"
14,0.0469630993902683,5.21779171688883e-05,"Raltegravir - Feces"
14.25,0.0497676655650139,5.52939044751022e-05,"Raltegravir - Feces"
14.5,0.0526811294257641,5.8530881548048e-05,"Raltegravir - Feces"
14.75,0.0557041466236115,6.18895768428072e-05,"Raltegravir - Feces"
15,0.0588371530175209,6.53704746164512e-05,"Raltegravir - Feces"
15.25,0.0620803683996201,6.89738190669902e-05,"Raltegravir - Feces"
15.5,0.0654338002204895,7.26996184723228e-05,"Raltegravir - Feces"
15.75,0.0688972622156143,7.65476658849828e-05,"Raltegravir - Feces"
16,0.0724703371524811,8.05174977426454e-05,"Raltegravir - Feces"
16.25,0.0761524438858032,8.46084683692157e-05,"Raltegravir - Feces"
16.5,0.0799427703022957,8.88196754737403e-05,"Raltegravir - Feces"
16.75,0.0838403552770615,9.31500512072928e-05,"Raltegravir - Feces"
17,0.087844043970108,9.75983124955818e-05,"Raltegravir - Feces"
17.25,0.0919525250792503,0.000102163002428444,"Raltegravir - Feces"
17.5,0.0961643010377884,0.00010684245714825,"Raltegravir - Feces"
17.75,0.100477762520313,0.000111634888628891,"Raltegravir - Feces"
18,0.104891121387482,0.000116538310174689,"Raltegravir - Feces"
18.25,0.109402477741241,0.000121550610921487,"Raltegravir - Feces"
18.5,0.11400980502367,0.000126669539280852,"Raltegravir - Feces"
18.75,0.118710957467556,0.000131892711217972,"Raltegravir - Feces"
19,0.123503692448139,0.00013721763508535,"Raltegravir - Feces"
19.25,0.128385648131371,0.000142641686789114,"Raltegravir - Feces"
19.5,0.133354395627975,0.000148162167734303,"Raltegravir - Feces"
19.75,0.138407438993454,0.000153776304824866,"Raltegravir - Feces"
20,0.143542170524597,0.000159481200796276,"Raltegravir - Feces"
20.25,0.148755952715874,0.000165273925272409,"Raltegravir - Feces"
20.5,0.154046073555946,0.000171151465098154,"Raltegravir - Feces"
20.75,0.159409791231155,0.000177110774006806,"Raltegravir - Feces"
21,0.164844319224358,0.00018314875606427,"Raltegravir - Feces"
21.25,0.170346811413765,0.000189262249113258,"Raltegravir - Feces"
21.5,0.175914436578751,0.000195448107552283,"Raltegravir - Feces"
21.75,0.181544303894043,0.000201703119556665,"Raltegravir - Feces"
22,0.187233537435532,0.000208024089857526,"Raltegravir - Feces"
22.25,0.192979246377945,0.000214407806630187,"Raltegravir - Feces"
22.5,0.19877852499485,0.000220851041494172,"Raltegravir - Feces"
22.75,0.204628467559814,0.000227350566069007,"Raltegravir - Feces"
23,0.210526198148727,0.000233903185085811,"Raltegravir - Feces"
23.25,0.216468825936317,0.000240505686719906,"Raltegravir - Feces"
23.5,0.222453489899635,0.000247154892258208,"Raltegravir - Feces"
23.75,0.228477343916893,0.000253847639543433,"Raltegravir - Feces"
24,0.234537556767464,0.00026058078297409,"Raltegravir - Feces"
0,0,0,"Raltegravir - Interstitial"
0.05,0.525409584711269,0.000583751459054797,"Raltegravir - Interstitial"
0.1,2.87994680393604,0.0031997382570052,"Raltegravir - Interstitial"
0.15,7.4730513516115,0.00830286457848296,"Raltegravir - Interstitial"
0.2,14.0239169874694,0.0155811432476958,"Raltegravir - Interstitial"
0.25,21.9320618102793,0.024367414402739,"Raltegravir - Interstitial"
0.3,30.4628100930713,0.0338454233729135,"Raltegravir - Interstitial"
0.35,38.9268070752732,0.0432492689280169,"Raltegravir - Interstitial"
0.4,46.7799017149955,0.0519743770863549,"Raltegravir - Interstitial"
0.45,53.6542784012854,0.0596120897156729,"Raltegravir - Interstitial"
0.5,59.3483725637197,0.0659384603644746,"Raltegravir - Interstitial"
0.55,63.7980344109237,0.0708822160004385,"Raltegravir - Interstitial"
0.6,67.0397519133985,0.0744838962456762,"Raltegravir - Interstitial"
0.65,69.1758401263505,0.0768571772958606,"Raltegravir - Interstitial"
0.7,70.3450597357005,0.0781562279275475,"Raltegravir - Interstitial"
0.75,70.6998175345361,0.0785503782984342,"Raltegravir - Interstitial"
0.8,70.390587516129,0.0782068111468606,"Raltegravir - Interstitial"
0.85,69.5559586938471,0.0772795045141808,"Raltegravir - Interstitial"
0.9,68.3180131744593,0.0759040965958612,"Raltegravir - Interstitial"
0.95,66.7808054722846,0.0741961961975311,"Raltegravir - Interstitial"
1,65.0306048709899,0.0722516520088183,"Raltegravir - Interstitial"
1.05,63.1373815108091,0.0701482037068054,"Raltegravir - Interstitial"
1.1,61.1569792293012,0.0679478960706572,"Raltegravir - Interstitial"
1.15,59.1331922672689,0.0656993862865206,"Raltegravir - Interstitial"
1.2,57.0997187467292,0.0634401143411551,"Raltegravir - Interstitial"
1.25,55.082057595253,0.0611984105821731,"Raltegravir - Interstitial"
1.3,53.0991317741573,0.0589952991907085,"Raltegravir - Interstitial"
1.35,51.1645941901952,0.0568459491025201,"Raltegravir - Interstitial"
1.4,49.2879635225981,0.0547609359581201,"Raltegravir - Interstitial"
1.45,47.4755263924599,0.0527472444497234,"Raltegravir - Interstitial"
1.5,45.731091061607,0.0508091057114061,"Raltegravir - Interstitial"
1.55,44.056549988687,0.0489486223418433,"Raltegravir - Interstitial"
1.6,42.4523561215028,0.0471662975845016,"Raltegravir - Interstitial"
1.65,40.9178994046524,0.0454614536429696,"Raltegravir - Interstitial"
1.7,39.4518174258992,0.0438325768217341,"Raltegravir - Interstitial"
1.75,38.0521840089932,0.0422775270604898,"Raltegravir - Interstitial"
1.8,36.7166943950579,0.0407937436782059,"Raltegravir - Interstitial"
1.85,35.4427866628394,0.039378380275971,"Raltegravir - Interstitial"
1.9,34.2277642209083,0.0380284408308211,"Raltegravir - Interstitial"
1.95,33.0688665136695,0.0367408582529972,"Raltegravir - Interstitial"
2,31.9633391797543,0.0355125723347786,"Raltegravir - Interstitial"
2.25,27.1438154894859,0.0301578851193,"Raltegravir - Interstitial"
2.5,23.2901887735352,0.0258763488025901,"Raltegravir - Interstitial"
2.75,20.1667467355728,0.0224060774181509,"Raltegravir - Interstitial"
3,17.6007046387531,0.0195551000823687,"Raltegravir - Interstitial"
3.25,15.466941843275,0.0171844026657586,"Raltegravir - Interstitial"
3.5,13.6741750082001,0.0151925656567419,"Raltegravir - Interstitial"
3.75,12.1547138474416,0.0135043823890969,"Raltegravir - Interstitial"
4,10.8573780364823,0.0120629894366868,"Raltegravir - Interstitial"
4.25,9.74270588345826,0.0108245432517869,"Raltegravir - Interstitial"
4.5,8.77975135832094,0.00975466153396241,"Raltegravir - Interstitial"
4.75,7.94383846921846,0.00882592825071933,"Raltegravir - Interstitial"
5,7.21504463406745,0.00801620860151778,"Raltegravir - Interstitial"
5.25,6.57715680694673,0.0073074892316577,"Raltegravir - Interstitial"
5.5,6.01677764893975,0.00668488515166126,"Raltegravir - Interstitial"
5.75,5.52279143012129,0.00613604633261553,"Raltegravir - Interstitial"
6,5.08589433948509,0.00565063586136227,"Raltegravir - Interstitial"
6.25,4.69770824338775,0.00521934529001471,"Raltegravir - Interstitial"
6.5,4.3516193284886,0.00483482640243847,"Raltegravir - Interstitial"
6.75,4.04226593021303,0.00449112217080334,"Raltegravir - Interstitial"
7,3.76504406396998,0.00418311738061626,"Raltegravir - Interstitial"
7.25,3.51599171000998,0.00390641006648328,"Raltegravir - Interstitial"
7.5,3.29169070790522,0.00365720251287904,"Raltegravir - Interstitial"
7.75,3.08918704005191,0.00343221268586956,"Raltegravir - Interstitial"
8,2.90592174266931,0.00322859747241661,"Raltegravir - Interstitial"
8.25,2.73967675195308,0.00304389251324752,"Raltegravir - Interstitial"
8.5,2.58852262207074,0.00287595411541744,"Raltegravir - Interstitial"
8.75,2.45077295840019,0.00272290862578067,"Raltegravir - Interstitial"
9,2.32495186431333,0.00258311626304058,"Raltegravir - Interstitial"
9.25,2.20976749976398,0.0024551417402634,"Raltegravir - Interstitial"
9.5,2.10408569482388,0.00233772494844139,"Raltegravir - Interstitial"
9.75,2.00690748548368,0.0022297559978524,"Raltegravir - Interstitial"
10,1.91735101418453,0.00213025510881284,"Raltegravir - Interstitial"
10.25,1.83463676125393,0.00203835620320114,"Raltegravir - Interstitial"
10.5,1.75807501722011,0.00195329298568849,"Raltegravir - Interstitial"
10.75,1.68705366557697,0.00187438536989288,"Raltegravir - Interstitial"
11,1.62102889362723,0.00180102915774726,"Raltegravir - Interstitial"
11.25,1.5595167518477,0.00173268666161043,"Raltegravir - Interstitial"
11.5,1.50208640712663,0.00166887920833877,"Raltegravir - Interstitial"
11.75,1.44835341098951,0.00160917966001085,"Raltegravir - Interstitial"
12,1.3979747480189,0.00155320691251998,"Raltegravir - Interstitial"
12.25,1.35064356951625,0.00150062004445801,"Raltegravir - Interstitial"
12.5,1.30608568849857,0.00145111442291372,"Raltegravir - Interstitial"
12.75,1.26405534954392,0.00140441700359879,"Raltegravir - Interstitial"
13,1.22433265217114,0.00136028346811772,"Raltegravir - Interstitial"
13.25,1.18672017927747,0.00131849447802458,"Raltegravir - Interstitial"
13.5,1.15104101202451,0.00127885346928047,"Raltegravir - Interstitial"
13.75,1.11713616250199,0.00124118379983834,"Raltegravir - Interstitial"
14,1.0848629064858,0.00120532689726916,"Raltegravir - Interstitial"
14.25,1.05409284948837,0.0011711401100652,"Raltegravir - Interstitial"
14.5,1.02471052808687,0.00113849515365853,"Raltegravir - Interstitial"
14.75,0.996611936716363,0.0011072764736283,"Raltegravir - Interstitial"
15,0.969703431983362,0.00107738002834837,"Raltegravir - Interstitial"
15.25,0.94390057187411,0.00104871199930044,"Raltegravir - Interstitial"
15.5,0.919127077824669,0.00102118763789163,"Raltegravir - Interstitial"
15.75,0.895314076275099,0.000994730422790243,"Raltegravir - Interstitial"
16,0.872399287385633,0.000969271158556399,"Raltegravir - Interstitial"
16.25,0.850326293162652,0.000944747162500153,"Raltegravir - Interstitial"
16.5,0.829043906589504,0.000921101563760133,"Raltegravir - Interstitial"
16.75,0.808505731503828,0.000898282814309312,"Raltegravir - Interstitial"
17,0.788669478628435,0.000876243929037446,"Raltegravir - Interstitial"
17.25,0.769496603927109,0.000854942083949629,"Raltegravir - Interstitial"
17.5,0.750952032423811,0.000834338309318175,"Raltegravir - Interstitial"
17.75,0.733003595960326,0.000814396865008458,"Raltegravir - Interstitial"
18,0.715621852810727,0.00079508504006322,"Raltegravir - Interstitial"
18.25,0.698779748519883,0.000776372775880342,"Raltegravir - Interstitial"
18.5,0.682452383771306,0.00075823240830456,"Raltegravir - Interstitial"
18.75,0.666616736067226,0.000740638358402683,"Raltegravir - Interstitial"
19,0.651251525632688,0.000723566983477586,"Raltegravir - Interstitial"
19.25,0.636337062198436,0.000706996406837747,"Raltegravir - Interstitial"
19.5,0.621854892553529,0.000690906126213842,"Raltegravir - Interstitial"
19.75,0.607787935630768,0.00067527716384416,"Raltegravir - Interstitial"
20,0.594120171052055,0.000660091720435803,"Raltegravir - Interstitial"
20.25,0.580836526569328,0.000645333050106981,"Raltegravir - Interstitial"
20.5,0.567922920803539,0.000630985507871755,"Raltegravir - Interstitial"
20.75,0.55536601851054,0.000617034277730464,"Raltegravir - Interstitial"
21,0.543153186721611,0.000603465323940069,"Raltegravir - Interstitial"
21.25,0.531272538151825,0.000590265439242607,"Raltegravir - Interstitial"
21.5,0.51971277006669,0.000577422065839472,"Raltegravir - Interstitial"
21.75,0.508463050762657,0.000564923169266631,"Raltegravir - Interstitial"
22,0.497513154230546,0.000552757388011172,"Raltegravir - Interstitial"
22.25,0.486853241593053,0.000540913790679477,"Raltegravir - Interstitial"
22.5,0.476473937189439,0.000529381960530407,"Raltegravir - Interstitial"
22.75,0.466366244625533,0.000518151902203436,"Raltegravir - Interstitial"
23,0.456521541025722,0.000507214035332374,"Raltegravir - Interstitial"
23.25,0.446931501421204,0.000496559110537641,"Raltegravir - Interstitial"
23.5,0.437588155204139,0.000486178272149123,"Raltegravir - Interstitial"
23.75,0.428483839365072,0.000476063006251049,"Raltegravir - Interstitial"
24,0.419611090153921,0.00046620502031293,"Raltegravir - Interstitial"
0,0,0,"Raltegravir - Intracellular"
0.05,1.86780366087867,0.00207520598023538,"Raltegravir - Intracellular"
0.1,4.28498234850923,0.00476079000222446,"Raltegravir - Intracellular"
0.15,6.89244631345548,0.00765778872143631,"Raltegravir - Intracellular"
0.2,9.43225342749247,0.0104796179222713,"Raltegravir - Intracellular"
0.25,11.7364146828404,0.013039634971534,"Raltegravir - Intracellular"
0.3,13.7721101893167,0.015301375633821,"Raltegravir - Intracellular"
0.35,15.5764268426101,0.0173060449615336,"Raltegravir - Intracellular"
0.4,17.2091997021125,0.0191201221439349,"Raltegravir - Intracellular"
0.45,18.7286371830269,0.0208082791023081,"Raltegravir - Intracellular"
0.5,20.1802611095045,0.0224210924382997,"Raltegravir - Intracellular"
0.55,21.5924186377524,0.0239900569976024,"Raltegravir - Intracellular"
0.6,22.9777288204205,0.0255291930619366,"Raltegravir - Intracellular"
0.65,24.3375041350664,0.0270399588473523,"Raltegravir - Intracellular"
0.7,25.6641127056209,0.0285138750285376,"Raltegravir - Intracellular"
0.75,26.9453272782557,0.0299373566282287,"Raltegravir - Intracellular"
0.8,28.1675864768331,0.0312953364049105,"Raltegravir - Intracellular"
0.85,29.3183008988854,0.0325738270194233,"Raltegravir - Intracellular"
0.9,30.3870703380671,0.0337612734187089,"Raltegravir - Intracellular"
0.95,31.3662486262037,0.0348491803983439,"Raltegravir - Intracellular"
1,32.2510465077357,0.0358322269002396,"Raltegravir - Intracellular"
1.05,33.0392960417084,0.0367080042536518,"Raltegravir - Intracellular"
1.1,33.7310316399671,0.0374765506915428,"Raltegravir - Intracellular"
1.15,34.3280845626723,0.0381399008185749,"Raltegravir - Intracellular"
1.2,34.8336922263261,0.0387016515364065,"Raltegravir - Intracellular"
1.25,35.2520946612349,0.0391665136914894,"Raltegravir - Intracellular"
1.3,35.5882106863428,0.0395399522921123,"Raltegravir - Intracellular"
1.35,35.8473862574901,0.0398279069130615,"Raltegravir - Intracellular"
1.4,36.0351773722796,0.0400365504940805,"Raltegravir - Intracellular"
1.45,36.1571876222733,0.0401721088537413,"Raltegravir - Intracellular"
1.5,36.2189433469903,0.0402407219804476,"Raltegravir - Intracellular"
1.55,36.2258133925498,0.0402483548810185,"Raltegravir - Intracellular"
1.6,36.1829365910962,0.040200717007374,"Raltegravir - Intracellular"
1.65,36.0951858612243,0.0401032223706441,"Raltegravir - Intracellular"
1.7,35.9671393623576,0.0399609574925083,"Raltegravir - Intracellular"
1.75,35.8030651465524,0.0397786643527244,"Raltegravir - Intracellular"
1.8,35.6069388038013,0.0395607599937795,"Raltegravir - Intracellular"
1.85,35.3824210802559,0.0393113116538233,"Raltegravir - Intracellular"
1.9,35.132886208361,0.0390340682426021,"Raltegravir - Intracellular"
1.95,34.8614175824914,0.0387324555369144,"Raltegravir - Intracellular"
2,34.5708378332201,0.0384096095943493,"Raltegravir - Intracellular"
2.25,32.9131771831308,0.0365678810624285,"Raltegravir - Intracellular"
2.5,31.0745058215689,0.0345250422538753,"Raltegravir - Intracellular"
2.75,29.1987791197607,0.0324410334523033,"Raltegravir - Intracellular"
3,27.3663508554455,0.0304051309791973,"Raltegravir - Intracellular"
3.25,25.6190147676971,0.0284637693817632,"Raltegravir - Intracellular"
3.5,23.9758637045743,0.026638161592228,"Raltegravir - Intracellular"
3.75,22.4429912446649,0.0249350778247159,"Raltegravir - Intracellular"
4,21.0193106270162,0.0233533106435231,"Raltegravir - Intracellular"
4.25,19.6999739807798,0.021887473866586,"Raltegravir - Intracellular"
4.5,18.4783589689177,0.0205302098075956,"Raltegravir - Intracellular"
4.75,17.347216084192,0.0192734639685928,"Raltegravir - Intracellular"
5,16.2992886565044,0.0181091738933891,"Raltegravir - Intracellular"
5.25,15.3276281873987,0.0170296195170485,"Raltegravir - Intracellular"
5.5,14.4257880273217,0.0160276383492165,"Raltegravir - Intracellular"
5.75,13.587856444763,0.0150966622152818,"Raltegravir - Intracellular"
6,12.8083715576213,0.0142306227416582,"Raltegravir - Intracellular"
6.25,12.0823036498332,0.0134239317088384,"Raltegravir - Intracellular"
6.5,11.4053243153321,0.0126717800812998,"Raltegravir - Intracellular"
6.75,10.7734476543264,0.0119697393619486,"Raltegravir - Intracellular"
7,10.1831111979845,0.0113138515027421,"Raltegravir - Intracellular"
7.25,9.63111750966345,0.0107005640212746,"Raltegravir - Intracellular"
7.5,9.11458226336981,0.0101266723138311,"Raltegravir - Intracellular"
7.75,8.63089269997727,0.00958927349855227,"Raltegravir - Intracellular"
8,8.17767736874521,0.0090857327970287,"Raltegravir - Intracellular"
8.25,7.75277365291549,0.00861364745391547,"Raltegravir - Intracellular"
8.5,7.35420697904192,0.00817082363764997,"Raltegravir - Intracellular"
8.75,6.98016488061694,0.0077552476240843,"Raltegravir - Intracellular"
9,6.62898208474508,0.00736506922717173,"Raltegravir - Intracellular"
9.25,6.29912357298599,0.00699858297887303,"Raltegravir - Intracellular"
9.5,5.98917452704336,0.00665421695840715,"Raltegravir - Intracellular"
9.75,5.69782489075442,0.00633051563999246,"Raltegravir - Intracellular"
10,5.42386039831035,0.00602612992483403,"Raltegravir - Intracellular"
10.25,5.16615347773768,0.00573980703452078,"Raltegravir - Intracellular"
10.5,4.92365765478462,0.00547038429351514,"Raltegravir - Intracellular"
10.75,4.69539762136992,0.00521677809479505,"Raltegravir - Intracellular"
11,4.48046527449333,0.00497797949892202,"Raltegravir - Intracellular"
11.25,4.27801349256333,0.00475304731928768,"Raltegravir - Intracellular"
11.5,4.08725171657716,0.00454110321262467,"Raltegravir - Intracellular"
11.75,3.90744252873264,0.00434132787770501,"Raltegravir - Intracellular"
12,3.7378956880857,0.0041529544287125,"Raltegravir - Intracellular"
12.25,3.57796728920948,0.00397526746047877,"Raltegravir - Intracellular"
12.5,3.4270543704697,0.00380759705805744,"Raltegravir - Intracellular"
12.75,3.28459347037278,0.00364931719276808,"Raltegravir - Intracellular"
13,3.15005757160543,0.00349984232689968,"Raltegravir - Intracellular"
13.25,3.02295333973598,0.00335862434579526,"Raltegravir - Intracellular"
13.5,2.90281968657655,0.00322515096168877,"Raltegravir - Intracellular"
13.75,2.7892247225609,0.00309894232767261,"Raltegravir - Intracellular"
14,2.68176462470001,0.00297954977995017,"Raltegravir - Intracellular"
14.25,2.58006138842029,0.00286655334003652,"Raltegravir - Intracellular"
14.5,2.48376162866043,0.00275956038272811,"Raltegravir - Intracellular"
14.75,2.3925342702496,0.00265820307001882,"Raltegravir - Intracellular"
15,2.30606993383117,0.00256213766883623,"Raltegravir - Intracellular"
15.25,2.22407914463838,0.00247104256091839,"Raltegravir - Intracellular"
15.5,2.14629074888944,0.00238461648336419,"Raltegravir - Intracellular"
15.75,2.07245148296352,0.0023025780499704,"Raltegravir - Intracellular"
16,2.00232422819681,0.00222466381223896,"Raltegravir - Intracellular"
16.25,1.93568710906402,0.00215062725741982,"Raltegravir - Intracellular"
16.5,1.87233276452753,0.00208023799895024,"Raltegravir - Intracellular"
16.75,1.81206688567181,0.00201328015170697,"Raltegravir - Intracellular"
17,1.75470789337123,0.00194955197388209,"Raltegravir - Intracellular"
17.25,1.70008589369536,0.00188886470639571,"Raltegravir - Intracellular"
17.5,1.6480417795683,0.0018310415748029,"Raltegravir - Intracellular"
17.75,1.59842676226253,0.00177591726876424,"Raltegravir - Intracellular"
18,1.55110150855762,0.00172333698339399,"Raltegravir - Intracellular"
18.25,1.50593563193979,0.00167315585396211,"Raltegravir - Intracellular"
18.5,1.4628069662067,0.00162523814883952,"Raltegravir - Intracellular"
18.75,1.42160127087118,0.00157945694218967,"Raltegravir - Intracellular"
19,1.38221131326281,0.001535693094146,"Raltegravir - Intracellular"
19.25,1.34453687041969,0.00149383525291374,"Raltegravir - Intracellular"
19.5,1.30848374601192,0.00145377876253189,"Raltegravir - Intracellular"
19.75,1.27396391516959,0.00141542582378296,"Raltegravir - Intracellular"
20,1.24089462734264,0.00137868449743374,"Raltegravir - Intracellular"
20.25,1.20919841249997,0.00134346871112278,"Raltegravir - Intracellular"
20.5,1.17880241334933,0.00130969751742945,"Raltegravir - Intracellular"
20.75,1.14963833704678,0.00127729504022121,"Raltegravir - Intracellular"
21,1.12164214807854,0.00124619013343279,"Raltegravir - Intracellular"
21.25,1.09475340173958,0.0012163156405338,"Raltegravir - Intracellular"
21.5,1.06891563172394,0.00118760882515729,"Raltegravir - Intracellular"
21.75,1.0440755728705,0.00116001050753872,"Raltegravir - Intracellular"
22,1.02018310530548,0.00113346500245593,"Raltegravir - Intracellular"
22.25,0.997191123751691,0.00110791997402642,"Raltegravir - Intracellular"
22.5,0.975055300667009,0.00108332617254455,"Raltegravir - Intracellular"
22.75,0.95373375510826,0.0010596370665758,"Raltegravir - Intracellular"
23,0.933187238435494,0.0010368090492818,"Raltegravir - Intracellular"
23.25,0.913378595381801,0.00101480083964694,"Raltegravir - Intracellular"
23.5,0.894272786910733,0.000993573507873891,"Raltegravir - Intracellular"
23.75,0.875836797167722,0.000973090372002823,"Raltegravir - Intracellular"
24,0.858039435868704,0.000953316778357142,"Raltegravir - Intracellular"
0,0,0,"Raltegravir - Lumen"
0.05,236.84209060825,0.263141213980958,"Raltegravir - Lumen"
0.1,237.474697398895,0.263844065904092,"Raltegravir - Lumen"
0.15,228.308511807143,0.253660060189592,"Raltegravir - Lumen"
0.2,213.225381698621,0.236902088001473,"Raltegravir - Lumen"
0.25,194.631705231679,0.216243755754384,"Raltegravir - Lumen"
0.3,174.402253439363,0.19376801046296,"Raltegravir - Lumen"
0.35,153.964570392322,0.171060911762114,"Raltegravir - Lumen"
0.4,134.335075526498,0.149251743064267,"Raltegravir - Lumen"
0.45,116.169598164507,0.129069157471892,"Raltegravir - Lumen"
0.5,99.8284662889567,0.110913494057032,"Raltegravir - Lumen"
0.55,85.4484853920279,0.0949367492963227,"Raltegravir - Lumen"
0.6,73.010865931942,0.0811180472431743,"Raltegravir - Lumen"
0.65,62.3951282766143,0.0693235301167958,"Raltegravir - Lumen"
0.7,53.4256220251262,0.0593580431640127,"Raltegravir - Lumen"
0.75,45.9039972643285,0.0510012115485575,"Raltegravir - Lumen"
0.8,39.6303893972579,0.0440309775587215,"Raltegravir - Lumen"
0.85,34.4169425115045,0.0382386256206888,"Raltegravir - Lumen"
0.9,30.0942718780375,0.0334359623980787,"Raltegravir - Lumen"
0.95,26.5139450486074,0.0294580733922635,"Raltegravir - Lumen"
1,23.5486738932273,0.0261635363038367,"Raltegravir - Lumen"
1.05,21.0910201508755,0.0234329828466938,"Raltegravir - Lumen"
1.1,19.0511937353633,0.0211666525761333,"Raltegravir - Lumen"
1.15,17.3547045036882,0.0192817839078061,"Raltegravir - Lumen"
1.2,15.9401611805472,0.0177101686331561,"Raltegravir - Lumen"
1.25,14.7571769263619,0.0163958249201478,"Raltegravir - Lumen"
1.3,13.7644785254513,0.0152928965442763,"Raltegravir - Lumen"
1.35,12.928308923154,0.0143638780422127,"Raltegravir - Lumen"
1.4,12.2210805601193,0.0135781185113253,"Raltegravir - Lumen"
1.45,11.6202554171252,0.0129105772938344,"Raltegravir - Lumen"
1.5,11.1074059772156,0.0123407806674802,"Raltegravir - Lumen"
1.55,10.6674529180539,0.0118519748906643,"Raltegravir - Lumen"
1.6,10.2880571799279,0.01143045076523,"Raltegravir - Lumen"
1.65,9.95909438950696,0.0110649596998386,"Raltegravir - Lumen"
1.7,9.67222567110343,0.010746236863792,"Raltegravir - Lumen"
1.75,9.42059319689565,0.0104666629309238,"Raltegravir - Lumen"
1.8,9.19854033349066,0.0102199531510267,"Raltegravir - Lumen"
1.85,9.00141064768673,0.0100009340370638,"Raltegravir - Lumen"
1.9,8.82535393134049,0.00980532785089198,"Raltegravir - Lumen"
1.95,8.66717700720574,0.00962958684246862,"Raltegravir - Lumen"
2,8.52422166216411,0.00947075762869706,"Raltegravir - Lumen"
2.25,7.97179432812391,0.00885698834916453,"Raltegravir - Lumen"
2.5,7.58456960623516,0.00842676590373872,"Raltegravir - Lumen"
2.75,7.28676933602583,0.00809589766817514,"Raltegravir - Lumen"
3,7.04403775056016,0.00782621298541068,"Raltegravir - Lumen"
3.25,6.83949274272527,0.00759895514649704,"Raltegravir - Lumen"
3.5,6.66400936228456,0.00740398595987966,"Raltegravir - Lumen"
3.75,6.51209565689351,0.0072352036427067,"Raltegravir - Lumen"
4,6.38005317144416,0.0070884990606412,"Raltegravir - Lumen"
4.25,6.26511348142958,0.00696079638124263,"Raltegravir - Lumen"
4.5,6.16501688036806,0.00684958497852679,"Raltegravir - Lumen"
4.75,6.07779181189835,0.0067526743730354,"Raltegravir - Lumen"
5,6.00164765128284,0.00666807510771702,"Raltegravir - Lumen"
5.25,5.93491962418193,0.00659393755044081,"Raltegravir - Lumen"
5.5,5.87603774295712,0.00652851738096339,"Raltegravir - Lumen"
5.75,5.82352278729377,0.00647017112523696,"Raltegravir - Lumen"
6,5.776214507845,0.00641760969895699,"Raltegravir - Lumen"
6.25,5.73453705309657,0.00637130434837521,"Raltegravir - Lumen"
6.5,5.69754114914394,0.00633020039150075,"Raltegravir - Lumen"
6.75,5.66403361700941,0.00629297215786735,"Raltegravir - Lumen"
7,5.63294598896027,0.00625843253628391,"Raltegravir - Lumen"
7.25,5.60333279082261,0.00622553106641514,"Raltegravir - Lumen"
7.5,5.57437013743765,0.00619335237827633,"Raltegravir - Lumen"
7.75,5.54534289374351,0.00616110192767196,"Raltegravir - Lumen"
8,5.51564073352711,0.00612810161730851,"Raltegravir - Lumen"
8.25,5.48475133447027,0.00609378223621335,"Raltegravir - Lumen"
8.5,5.45225179647241,0.00605767392514155,"Raltegravir - Lumen"
8.75,5.41780302385087,0.00601939993497153,"Raltegravir - Lumen"
9,5.38114042378402,0.00597866629229631,"Raltegravir - Lumen"
9.25,5.34206876820645,0.00593525609077966,"Raltegravir - Lumen"
9.5,5.30045339537719,0.00588901971573992,"Raltegravir - Lumen"
9.75,5.25621491348011,0.00583986895963412,"Raltegravir - Lumen"
10,5.2093219756116,0.005787768994775,"Raltegravir - Lumen"
10.25,5.15978444806478,0.00573273078301623,"Raltegravir - Lumen"
10.5,5.10764903188056,0.00567480621111735,"Raltegravir - Lumen"
10.75,5.05299309633574,0.00561408123949768,"Raltegravir - Lumen"
11,4.99591934851605,0.00555066997991479,"Raltegravir - Lumen"
11.25,4.9365521266559,0.00548471057721386,"Raltegravir - Lumen"
11.5,4.87503202078244,0.00541635923264414,"Raltegravir - Lumen"
11.75,4.81151371711655,0.00534578780890046,"Raltegravir - Lumen"
12,4.74616108834255,0.00527317837521292,"Raltegravir - Lumen"
12.25,4.67914503948771,0.0051987208140312,"Raltegravir - Lumen"
12.5,4.61064056003545,0.00512260954580221,"Raltegravir - Lumen"
12.75,4.5408244675487,0.00504504102204366,"Raltegravir - Lumen"
13,4.46987306424884,0.00496621112170783,"Raltegravir - Lumen"
13.25,4.39796096277763,0.00488631384655518,"Raltegravir - Lumen"
13.5,4.3252591137435,0.00480553912967791,"Raltegravir - Lumen"
13.75,4.25193384663753,0.00472407176991854,"Raltegravir - Lumen"
14,4.17814552360414,0.00464208993615429,"Raltegravir - Lumen"
14.25,4.10404829865699,0.00455976489977609,"Raltegravir - Lumen"
14.5,4.02978880364688,0.00447725957474543,"Raltegravir - Lumen"
14.75,3.95550627644833,0.00439472866001486,"Raltegravir - Lumen"
15,3.88133143890379,0.00431231739287825,"Raltegravir - Lumen"
15.25,3.80738744954652,0.00423016260748475,"Raltegravir - Lumen"
15.5,3.7337882018563,0.00414839084413157,"Raltegravir - Lumen"
15.75,3.66064011334004,0.00406712033700541,"Raltegravir - Lumen"
16,3.58804070262756,0.00398645943327785,"Raltegravir - Lumen"
16.25,3.51607936467679,0.00390650745439003,"Raltegravir - Lumen"
16.5,3.44483761279797,0.00382735496495127,"Raltegravir - Lumen"
16.75,3.37438902908241,0.00374908371766349,"Raltegravir - Lumen"
17,3.30479968400088,0.0036717671195121,"Raltegravir - Lumen"
17.25,3.23612862728634,0.00359547077715669,"Raltegravir - Lumen"
17.5,3.16842765918549,0.0035202522427822,"Raltegravir - Lumen"
17.75,3.10174231638561,0.00344616210950381,"Raltegravir - Lumen"
18,3.03611179523353,0.0033732439260601,"Raltegravir - Lumen"
18.25,2.97156940035154,0.00330153469524362,"Raltegravir - Lumen"
18.5,2.90814320127946,0.00323106560345693,"Raltegravir - Lumen"
18.75,2.8458557497192,0.00316186170655984,"Raltegravir - Lumen"
19,2.78472505711018,0.00309394301599548,"Raltegravir - Lumen"
19.25,2.72476456759534,0.00302732446875455,"Raltegravir - Lumen"
19.5,2.66598358892812,0.00296201640613039,"Raltegravir - Lumen"
19.75,2.60838802160048,0.00289802538381002,"Raltegravir - Lumen"
20,2.5519798292135,0.00283535358343424,"Raltegravir - Lumen"
20.25,2.4967579802617,0.00277399985895844,"Raltegravir - Lumen"
20.5,2.44271871021932,0.0027139600278411,"Raltegravir - Lumen"
20.75,2.38985553156872,0.00265522688218576,"Raltegravir - Lumen"
21,2.33815968778228,0.00259779069313339,"Raltegravir - Lumen"
21.25,2.28762030901408,0.00254163938384224,"Raltegravir - Lumen"
21.5,2.23822450858156,0.00248675863668284,"Raltegravir - Lumen"
21.75,2.18995812793981,0.00243313272093484,"Raltegravir - Lumen"
22,2.1428054012736,0.00238074412013507,"Raltegravir - Lumen"
22.25,2.09674905848053,0.002329573646496,"Raltegravir - Lumen"
22.5,2.05177117647051,0.00227960138673418,"Raltegravir - Lumen"
22.75,2.00785257530874,0.00223080603116045,"Raltegravir - Lumen"
23,1.96497376166139,0.00218316592188659,"Raltegravir - Lumen"
23.25,1.92311401917573,0.00213665804220051,"Raltegravir - Lumen"
23.5,1.8822527617388,0.00209125952009184,"Raltegravir - Lumen"
23.75,1.84236845971629,0.00204694643525954,"Raltegravir - Lumen"
24,1.80343982524375,0.00200369513601868,"Raltegravir - Lumen"
0,0,0,"Raltegravir - Plasma"
0.05,1.47702672251762,0.00164103687755602,"Raltegravir - Plasma"
0.1,5.52588346303673,0.00613948170718493,"Raltegravir - Plasma"
0.15,10.9420909120818,0.0121571088935275,"Raltegravir - Plasma"
0.2,17.098978737602,0.0189976621608594,"Raltegravir - Plasma"
0.25,23.3127294847509,0.0259013924512847,"Raltegravir - Plasma"
0.3,29.0573231095914,0.0322838700606727,"Raltegravir - Plasma"
0.35,34.0106779399794,0.0377872491264431,"Raltegravir - Plasma"
0.4,38.0197794071864,0.042241524227395,"Raltegravir - Plasma"
0.45,41.0554452736396,0.0456142727084085,"Raltegravir - Plasma"
0.5,43.1720508350991,0.0479659077388666,"Raltegravir - Plasma"
0.55,44.4724965468049,0.0494107559177345,"Raltegravir - Plasma"
0.6,45.0810170890763,0.0500868470374102,"Raltegravir - Plasma"
0.65,45.1261194888502,0.0501369576414818,"Raltegravir - Plasma"
0.7,44.728217846714,0.0496948727025765,"Raltegravir - Plasma"
0.75,43.9930992843583,0.0488781260237179,"Raltegravir - Plasma"
0.8,43.0099269030616,0.0477857814438227,"Raltegravir - Plasma"
0.85,41.8516124938615,0.0464988469338892,"Raltegravir - Plasma"
0.9,40.5764162784908,0.0450820519743666,"Raltegravir - Plasma"
0.95,39.2299942164682,0.0435861221967605,"Raltegravir - Plasma"
1,37.8474803755525,0.0420500929820642,"Raltegravir - Plasma"
1.05,36.4556348146871,0.040503695846236,"Raltegravir - Plasma"
1.1,35.0744359733071,0.0389691276496101,"Raltegravir - Plasma"
1.15,33.7184436931275,0.0374625649696451,"Raltegravir - Plasma"
1.2,32.398018789012,0.035995519093858,"Raltegravir - Plasma"
1.25,31.1202850651462,0.0345759048589938,"Raltegravir - Plasma"
1.3,29.8898378703743,0.0332088278848791,"Raltegravir - Plasma"
1.35,28.7093605613336,0.0318972694900845,"Raltegravir - Plasma"
1.4,27.5800941733178,0.0306426085153936,"Raltegravir - Plasma"
1.45,26.5021994593553,0.0294450235639717,"Raltegravir - Plasma"
1.5,25.4750432525761,0.0283038111616246,"Raltegravir - Plasma"
1.55,24.4974275052082,0.0272176402284571,"Raltegravir - Plasma"
1.6,23.5677529352251,0.0261847338969672,"Raltegravir - Plasma"
1.65,22.6841557885054,0.0252030214603779,"Raltegravir - Plasma"
1.7,21.8446196881123,0.024270262641745,"Raltegravir - Plasma"
1.75,21.0470394960139,0.0233841185469309,"Raltegravir - Plasma"
1.8,20.2892776920926,0.0225422143039808,"Raltegravir - Plasma"
1.85,19.569205001113,0.0217421842013403,"Raltegravir - Plasma"
1.9,18.8847345671384,0.0209817096570243,"Raltegravir - Plasma"
1.95,18.2338436974678,0.0202585433770174,"Raltegravir - Plasma"
2,17.6145930786151,0.0195705307050094,"Raltegravir - Plasma"
2.25,14.9314966086531,0.0165895011907004,"Raltegravir - Plasma"
2.5,12.8017468714388,0.0142232624453535,"Raltegravir - Plasma"
2.75,11.0829682765761,0.0123136293862334,"Raltegravir - Plasma"
3,9.6744041313068,0.0107486572218502,"Raltegravir - Plasma"
3.25,8.50466720305849,0.0094490318277865,"Raltegravir - Plasma"
3.5,7.52243794809328,0.00835773509967802,"Raltegravir - Plasma"
3.75,6.69005836732686,0.00743292746597861,"Raltegravir - Plasma"
4,5.97926822630689,0.00664321065460717,"Raltegravir - Plasma"
4.25,5.36839358869474,0.0059645040390786,"Raltegravir - Plasma"
4.5,4.84049599213176,0.00537798829747007,"Raltegravir - Plasma"
4.75,4.38209903624374,0.00486869059980253,"Raltegravir - Plasma"
5,3.98233535781037,0.00442453686269315,"Raltegravir - Plasma"
5.25,3.63236506178509,0.00403570560251951,"Raltegravir - Plasma"
5.5,3.3248817299027,0.00369407909085239,"Raltegravir - Plasma"
5.75,3.05382018152159,0.00339291866484288,"Raltegravir - Plasma"
6,2.81405006194836,0.00312652429136466,"Raltegravir - Plasma"
6.25,2.60086067556404,0.00288966219562417,"Raltegravir - Plasma"
6.5,2.41081665626552,0.00267851554588974,"Raltegravir - Plasma"
6.75,2.24098630101071,0.00248982710061466,"Raltegravir - Plasma"
7,2.08884291573486,0.00232078959973024,"Raltegravir - Plasma"
7.25,1.95220862435235,0.00216898333415691,"Raltegravir - Plasma"
7.5,1.82920235846541,0.00203231836025118,"Raltegravir - Plasma"
7.75,1.71819700881315,0.00190898689331952,"Raltegravir - Plasma"
8,1.61778172475169,0.00179742142080442,"Raltegravir - Plasma"
8.25,1.52673249402142,0.00169626201520693,"Raltegravir - Plasma"
8.5,1.44398392653966,0.00160432498473057,"Raltegravir - Plasma"
8.75,1.36860418523429,0.00152057502041584,"Raltegravir - Plasma"
9,1.29977759573376,0.00144410587479723,"Raltegravir - Plasma"
9.25,1.23678977509553,0.00137412383931447,"Raltegravir - Plasma"
9.5,1.17901354709466,0.00130993209562421,"Raltegravir - Plasma"
9.75,1.12589639582438,0.00125091677603902,"Raltegravir - Plasma"
10,1.07695060550031,0.00119653600844802,"Raltegravir - Plasma"
10.25,1.03174532014236,0.00114631109429996,"Raltegravir - Plasma"
10.5,0.989899260421225,0.00109981841672284,"Raltegravir - Plasma"
10.75,0.95107441113214,0.00105668242705006,"Raltegravir - Plasma"
11,0.914970545600227,0.00101656956121158,"Raltegravir - Plasma"
11.25,0.881320886423055,0.000979183418642135,"Raltegravir - Plasma"
11.5,0.849888008102425,0.000944260209938125,"Raltegravir - Plasma"
11.75,0.820460439725139,0.000911564982297548,"Raltegravir - Plasma"
12,0.792849540433963,0.000880888148040905,"Raltegravir - Plasma"
12.25,0.766887024758034,0.000852042735152435,"Raltegravir - Plasma"
12.5,0.742422581919527,0.000824861742232808,"Raltegravir - Plasma"
12.75,0.719321880991629,0.00079919592214835,"Raltegravir - Plasma"
13,0.69746473912528,0.000774911746856306,"Raltegravir - Plasma"
13.25,0.67674365566927,0.000751889778752528,"Raltegravir - Plasma"
13.5,0.657062353326182,0.000730023049836287,"Raltegravir - Plasma"
13.75,0.638334579860384,0.000709215730359016,"Raltegravir - Plasma"
14,0.620483002912806,0.000689381900918496,"Raltegravir - Plasma"
14.25,0.603438278394606,0.000670444517406251,"Raltegravir - Plasma"
14.5,0.58713813254144,0.000652334391132441,"Raltegravir - Plasma"
14.75,0.57152668029812,0.000634989431523434,"Raltegravir - Plasma"
15,0.556553652706498,0.000618353787718267,"Raltegravir - Plasma"
15.25,0.542173845526122,0.000602377235963727,"Raltegravir - Plasma"
15.5,0.528346551724098,0.000587014549087456,"Raltegravir - Plasma"
15.75,0.51503508226233,0.00057222496407305,"Raltegravir - Plasma"
16,0.502206339435361,0.000557971708021018,"Raltegravir - Plasma"
16.25,0.489830416958284,0.000544221553830145,"Raltegravir - Plasma"
16.5,0.477880254049524,0.000530944435869373,"Raltegravir - Plasma"
16.75,0.466331355579314,0.000518113139051358,"Raltegravir - Plasma"
17,0.455161423869868,0.000505702889747446,"Raltegravir - Plasma"
17.25,0.444350219822809,0.000493691201494598,"Raltegravir - Plasma"
17.5,0.433879293952486,0.000482057576162441,"Raltegravir - Plasma"
17.75,0.423731825587311,0.000470783325299395,"Raltegravir - Plasma"
18,0.413892362688784,0.000459851281061019,"Raltegravir - Plasma"
18.25,0.404346766037634,0.000449245734198527,"Raltegravir - Plasma"
18.5,0.395082000290131,0.000438952201913847,"Raltegravir - Plasma"
18.75,0.386086069847806,0.000428957356608259,"Raltegravir - Plasma"
19,0.377347813002416,0.000419248797169064,"Raltegravir - Plasma"
19.25,0.368856949135079,0.00040981510140975,"Raltegravir - Plasma"
19.5,0.360603828332387,0.000400645547883286,"Raltegravir - Plasma"
19.75,0.352579498015984,0.000391730189910303,"Raltegravir - Plasma"
20,0.344775562614814,0.000383059699669235,"Raltegravir - Plasma"
20.25,0.337184114614502,0.000374625291589382,"Raltegravir - Plasma"
20.5,0.329797731843428,0.000366418719335621,"Raltegravir - Plasma"
20.75,0.322609391638252,0.000358432180442808,"Raltegravir - Plasma"
21,0.315612445203442,0.000350658287828166,"Raltegravir - Plasma"
21.25,0.308800566435821,0.000343090012933279,"Raltegravir - Plasma"
21.5,0.302167759164149,0.000335720693767556,"Raltegravir - Plasma"
21.75,0.295708284500506,0.000328543954192656,"Raltegravir - Plasma"
22,0.289416656047251,0.00032155369859723,"Raltegravir - Plasma"
22.25,0.283287631524217,0.00031474410259439,"Raltegravir - Plasma"
22.5,0.27731616861638,0.00030810956396667,"Raltegravir - Plasma"
22.75,0.271497432126125,0.000301644710612484,"Raltegravir - Plasma"
23,0.265826753795409,0.000295344355906916,"Raltegravir - Plasma"
23.25,0.260299649953595,0.000289203518309179,"Raltegravir - Plasma"
23.5,0.254911789501421,0.0002832173857915,"Raltegravir - Plasma"
23.75,0.249658987799194,0.000277381309048657,"Raltegravir - Plasma"
24,0.244537209733608,0.000271690804905335,"Raltegravir - Plasma"
0,0,0,"Raltegravir - Urine"
0.05,0.00204288517124951,2.26972867282893e-06,"Raltegravir - Urine"
0.1,0.03581353276968,3.97902943085749e-05,"Raltegravir - Urine"
0.15,0.13898591697216,0.000154419017432187,"Raltegravir - Urine"
0.2,0.334667682647705,0.000371829433129668,"Raltegravir - Urine"
0.25,0.6353839635849,0.00070593747543934,"Raltegravir - Urine"
0.3,1.042595744133,0.00115836635750833,"Raltegravir - Urine"
0.35,1.54907095432281,0.00172108095489404,"Raltegravir - Urine"
0.4,2.14200925827026,0.00237985957281554,"Raltegravir - Urine"
0.45,2.80576825141907,0.00311732286238283,"Raltegravir - Urine"
0.5,3.52393889427185,0.00391523971204597,"Raltegravir - Urine"
0.55,4.28080224990845,0.00475614574233997,"Raltegravir - Urine"
0.6,5.06221294403076,0.00562432486599564,"Raltegravir - Urine"
0.65,5.85602569580078,0.00650628318108177,"Raltegravir - Urine"
0.7,6.65222501754761,0.00739089307266486,"Raltegravir - Urine"
0.75,7.44283723831177,0.00826929546738183,"Raltegravir - Urine"
0.8,8.22172069549561,0.00913466672781396,"Raltegravir - Urine"
0.85,8.98428916931152,0.00998191137688875,"Raltegravir - Urine"
0.9,9.72724437713623,0.0108073648882067,"Raltegravir - Urine"
0.95,10.4483413696289,0.0116085330315685,"Raltegravir - Urine"
1,11.1461706161499,0.0123838497609951,"Raltegravir - Urine"
1.05,11.81995677948,0.013132453645241,"Raltegravir - Urine"
1.1,12.4694185256958,0.013854032110853,"Raltegravir - Urine"
1.15,13.094651222229,0.0145486911149337,"Raltegravir - Urine"
1.2,13.6960296630859,0.0152168470688972,"Raltegravir - Urine"
1.25,14.2741212844849,0.015859130417505,"Raltegravir - Urine"
1.3,14.8296356201172,0.0164763294816017,"Raltegravir - Urine"
1.35,15.3633728027344,0.0170693332412796,"Raltegravir - Urine"
1.4,15.8761882781982,0.0176390921317506,"Raltegravir - Urine"
1.45,16.3689651489258,0.0181865873157864,"Raltegravir - Urine"
1.5,16.8425998687744,0.018712814790153,"Raltegravir - Urine"
1.55,17.2979736328125,0.0192187535984802,"Raltegravir - Urine"
1.6,17.7359580993652,0.0197053721886873,"Raltegravir - Urine"
1.65,18.1573944091797,0.0201736051024208,"Raltegravir - Urine"
1.7,18.5630931854248,0.0206243529750543,"Raltegravir - Urine"
1.75,18.9538326263428,0.0210584804165463,"Raltegravir - Urine"
1.8,19.3303546905518,0.0214768117731566,"Raltegravir - Urine"
1.85,19.6933631896973,0.0218801290083036,"Raltegravir - Urine"
1.9,20.0435256958008,0.0222691738217068,"Raltegravir - Urine"
1.95,20.3814754486084,0.0226446497685285,"Raltegravir - Urine"
2,20.7078056335449,0.023007215901948,"Raltegravir - Urine"
2.25,22.183765411377,0.0246470673604803,"Raltegravir - Urine"
2.5,23.4409866333008,0.0260438913698025,"Raltegravir - Urine"
2.75,24.5233783721924,0.0272464726991744,"Raltegravir - Urine"
3,25.4637718200684,0.0282912881407976,"Raltegravir - Urine"
3.25,26.2871570587158,0.0292061026938834,"Raltegravir - Urine"
3.5,27.0129241943359,0.0300124595565681,"Raltegravir - Urine"
3.75,27.6564102172852,0.0307273987501202,"Raltegravir - Urine"
4,28.229944229126,0.0313646184087863,"Raltegravir - Urine"
4.25,28.7435855865479,0.0319352948877673,"Raltegravir - Urine"
4.5,29.2056312561035,0.0324486464550047,"Raltegravir - Urine"
4.75,29.6229972839355,0.0329123571195917,"Raltegravir - Urine"
5,30.0014934539795,0.0333328817882295,"Raltegravir - Urine"
5.25,30.3460292816162,0.0337156751325688,"Raltegravir - Urine"
5.5,30.6607837677002,0.0340653801928534,"Raltegravir - Urine"
5.75,30.9493370056152,0.0343859745987215,"Raltegravir - Urine"
6,31.2147541046143,0.0346808638114562,"Raltegravir - Urine"
6.25,31.459659576416,0.0349529637705259,"Raltegravir - Urine"
6.5,31.6863040924072,0.0352047750635562,"Raltegravir - Urine"
6.75,31.8966464996338,0.035438474049438,"Raltegravir - Urine"
7,32.0924034118652,0.0356559679560213,"Raltegravir - Urine"
7.25,32.2750778198242,0.0358589266672459,"Raltegravir - Urine"
7.5,32.4459838867188,0.0360488102719879,"Raltegravir - Urine"
7.75,32.6062889099121,0.0362269156851854,"Raltegravir - Urine"
8,32.757007598877,0.0363943702904119,"Raltegravir - Urine"
8.25,32.8990516662598,0.03655218703757,"Raltegravir - Urine"
8.5,33.0332107543945,0.0367012432514706,"Raltegravir - Urine"
8.75,33.1602020263672,0.0368423357295265,"Raltegravir - Urine"
9,33.2806549072266,0.0369761637886162,"Raltegravir - Urine"
9.25,33.3951301574707,0.0371033504565039,"Raltegravir - Urine"
9.5,33.5041275024414,0.0372244509484081,"Raltegravir - Urine"
9.75,33.6080932617188,0.0373399611435699,"Raltegravir - Urine"
10,33.7074317932129,0.0374503303001051,"Raltegravir - Urine"
10.25,33.8025016784668,0.03755595681672,"Raltegravir - Urine"
10.5,33.8936195373535,0.0376571924709959,"Raltegravir - Urine"
10.75,33.9810791015625,0.0377543636108093,"Raltegravir - Urine"
11,34.0651397705078,0.0378477584394798,"Raltegravir - Urine"
11.25,34.1460380554199,0.0379376397306223,"Raltegravir - Urine"
11.5,34.2239837646484,0.0380242405898628,"Raltegravir - Urine"
11.75,34.2991714477539,0.0381077771696911,"Raltegravir - Urine"
12,34.3717727661133,0.0381884401928921,"Raltegravir - Urine"
12.25,34.4419479370117,0.0382664076673985,"Raltegravir - Urine"
12.5,34.509838104248,0.0383418364097223,"Raltegravir - Urine"
12.75,34.575569152832,0.0384148662832394,"Raltegravir - Urine"
13,34.6392669677734,0.0384856371513252,"Raltegravir - Urine"
13.25,34.7010383605957,0.038554267685935,"Raltegravir - Urine"
13.5,34.7609748840332,0.0386208596058874,"Raltegravir - Urine"
13.75,34.8191795349121,0.0386855273448534,"Raltegravir - Urine"
14,34.8757247924805,0.0387483514302311,"Raltegravir - Urine"
14.25,34.9306945800781,0.0388094251042709,"Raltegravir - Urine"
14.5,34.9841575622559,0.0388688246560869,"Raltegravir - Urine"
14.75,35.0361747741699,0.0389266178982248,"Raltegravir - Urine"
15,35.0868110656738,0.0389828768815145,"Raltegravir - Urine"
15.25,35.1361236572266,0.0390376651802177,"Raltegravir - Urine"
15.5,35.1841621398926,0.0390910378920279,"Raltegravir - Urine"
15.75,35.2309722900391,0.0391430458763542,"Raltegravir - Urine"
16,35.2766075134277,0.0391937484691744,"Raltegravir - Urine"
16.25,35.321102142334,0.0392431838150454,"Raltegravir - Urine"
16.5,35.364501953125,0.0392914027733765,"Raltegravir - Urine"
16.75,35.4068412780762,0.0393384434887247,"Raltegravir - Urine"
17,35.4481582641602,0.0393843483439312,"Raltegravir - Urine"
17.25,35.4884834289551,0.0394291512452688,"Raltegravir - Urine"
17.5,35.5278511047363,0.0394728903372946,"Raltegravir - Urine"
17.75,35.5662879943848,0.0395155952879972,"Raltegravir - Urine"
18,35.6038284301758,0.0395573042419338,"Raltegravir - Urine"
18.25,35.6404914855957,0.0395980383905249,"Raltegravir - Urine"
18.5,35.6763114929199,0.0396378358783274,"Raltegravir - Urine"
18.75,35.711311340332,0.039676722135046,"Raltegravir - Urine"
19,35.7455101013184,0.0397147183521013,"Raltegravir - Urine"
19.25,35.778938293457,0.0397518584357662,"Raltegravir - Urine"
19.5,35.8116111755371,0.0397881593391771,"Raltegravir - Urine"
19.75,35.8435516357422,0.0398236464920387,"Raltegravir - Urine"
20,35.8747825622559,0.0398583453240557,"Raltegravir - Urine"
20.25,35.9053230285645,0.0398922770266485,"Raltegravir - Urine"
20.5,35.935188293457,0.0399254585529537,"Raltegravir - Urine"
20.75,35.9643974304199,0.0399579110943918,"Raltegravir - Urine"
21,35.9929733276367,0.0399896600806675,"Raltegravir - Urine"
21.25,36.0209274291992,0.0400207182266331,"Raltegravir - Urine"
21.5,36.0482788085938,0.0400511067237091,"Raltegravir - Urine"
21.75,36.0750427246094,0.040080842525032,"Raltegravir - Urine"
22,36.1012344360352,0.0401099425837383,"Raltegravir - Urine"
22.25,36.1268653869629,0.0401384196146803,"Raltegravir - Urine"
22.5,36.1519584655762,0.0401662990475626,"Raltegravir - Urine"
22.75,36.1765174865723,0.0401935851206694,"Raltegravir - Urine"
23,36.2005653381348,0.0402203032637053,"Raltegravir - Urine"
23.25,36.2241096496582,0.0402464619532385,"Raltegravir - Urine"
23.5,36.2471618652344,0.0402720739041214,"Raltegravir - Urine"
23.75,36.2697410583496,0.0402971603077745,"Raltegravir - Urine"
24,36.2918510437012,0.040321725402482,"Raltegravir - Urine"
0,0,0,"Raltegravir-UGT1A1-Kassahun 2007 Metabolite - Intracellular"
0.05,0.333394119485036,0.000370414452558244,"Raltegravir-UGT1A1-Kassahun 2007 Metabolite - Intracellular"
0.1,1.52500522857017,0.00169434295290452,"Raltegravir-UGT1A1-Kassahun 2007 Metabolite - Intracellular"
0.15,3.62708883281198,0.00402984349712405,"Raltegravir-UGT1A1-Kassahun 2007 Metabolite - Intracellular"
0.2,6.62626634041499,0.00736205192455442,"Raltegravir-UGT1A1-Kassahun 2007 Metabolite - Intracellular"
0.25,10.4450222772457,0.0116048453846778,"Raltegravir-UGT1A1-Kassahun 2007 Metabolite - Intracellular"
0.3,14.9511060999448,0.0166112881346123,"Raltegravir-UGT1A1-Kassahun 2007 Metabolite - Intracellular"
0.35,19.9835931840389,0.0222025863588895,"Raltegravir-UGT1A1-Kassahun 2007 Metabolite - Intracellular"
0.4,25.3768468047638,0.0281947109065998,"Raltegravir-UGT1A1-Kassahun 2007 Metabolite - Intracellular"
0.45,30.9764227606211,0.0344160679762775,"Raltegravir-UGT1A1-Kassahun 2007 Metabolite - Intracellular"
0.5,36.6482516643009,0.0407177010152936,"Raltegravir-UGT1A1-Kassahun 2007 Metabolite - Intracellular"
0.55,42.2830354324979,0.046978175399199,"Raltegravir-UGT1A1-Kassahun 2007 Metabolite - Intracellular"
0.6,47.7969671837345,0.0531043782675418,"Raltegravir-UGT1A1-Kassahun 2007 Metabolite - Intracellular"
0.65,53.1302742478438,0.05902989974803,"Raltegravir-UGT1A1-Kassahun 2007 Metabolite - Intracellular"
0.7,58.2442725124129,0.0647117602153956,"Raltegravir-UGT1A1-Kassahun 2007 Metabolite - Intracellular"
0.75,63.1175007659476,0.070126115389124,"Raltegravir-UGT1A1-Kassahun 2007 Metabolite - Intracellular"
0.8,67.741694158467,0.0752637826840938,"Raltegravir-UGT1A1-Kassahun 2007 Metabolite - Intracellular"
0.85,72.1179187513771,0.0801259465379691,"Raltegravir-UGT1A1-Kassahun 2007 Metabolite - Intracellular"
0.9,76.2534940399928,0.0847207392083141,"Raltegravir-UGT1A1-Kassahun 2007 Metabolite - Intracellular"
0.95,80.1596143553033,0.089060598053027,"Raltegravir-UGT1A1-Kassahun 2007 Metabolite - Intracellular"
1,83.8495966609335,0.093160318761361,"Raltegravir-UGT1A1-Kassahun 2007 Metabolite - Intracellular"
1.05,87.3374725693138,0.0970354910265149,"Raltegravir-UGT1A1-Kassahun 2007 Metabolite - Intracellular"
1.1,90.6372573998524,0.100701686439475,"Raltegravir-UGT1A1-Kassahun 2007 Metabolite - Intracellular"
1.15,93.762539637275,0.104174002360503,"Raltegravir-UGT1A1-Kassahun 2007 Metabolite - Intracellular"
1.2,96.7261633609887,0.107466709085215,"Raltegravir-UGT1A1-Kassahun 2007 Metabolite - Intracellular"
1.25,99.5400656694546,0.11059306921644,"Raltegravir-UGT1A1-Kassahun 2007 Metabolite - Intracellular"
1.3,102.215253360104,0.11356531175465,"Raltegravir-UGT1A1-Kassahun 2007 Metabolite - Intracellular"
1.35,104.761826661415,0.116394658465269,"Raltegravir-UGT1A1-Kassahun 2007 Metabolite - Intracellular"
1.4,107.189017662313,0.119091366575299,"Raltegravir-UGT1A1-Kassahun 2007 Metabolite - Intracellular"
1.45,109.505233683856,0.121664776961037,"Raltegravir-UGT1A1-Kassahun 2007 Metabolite - Intracellular"
1.5,111.718156314921,0.124123424180747,"Raltegravir-UGT1A1-Kassahun 2007 Metabolite - Intracellular"
1.55,113.834786097286,0.126475086121619,"Raltegravir-UGT1A1-Kassahun 2007 Metabolite - Intracellular"
1.6,115.861500445055,0.128726848350599,"Raltegravir-UGT1A1-Kassahun 2007 Metabolite - Intracellular"
1.65,117.804139507934,0.130885199512,"Raltegravir-UGT1A1-Kassahun 2007 Metabolite - Intracellular"
1.7,119.66802247637,0.132956049443162,"Raltegravir-UGT1A1-Kassahun 2007 Metabolite - Intracellular"
1.75,121.458053609356,0.134944846975679,"Raltegravir-UGT1A1-Kassahun 2007 Metabolite - Intracellular"
1.8,123.178689828143,0.136856543930677,"Raltegravir-UGT1A1-Kassahun 2007 Metabolite - Intracellular"
1.85,124.834068878554,0.13869573751238,"Raltegravir-UGT1A1-Kassahun 2007 Metabolite - Intracellular"
1.9,126.427965593059,0.140466621713486,"Raltegravir-UGT1A1-Kassahun 2007 Metabolite - Intracellular"
1.95,127.963869312312,0.142173073333654,"Raltegravir-UGT1A1-Kassahun 2007 Metabolite - Intracellular"
2,129.444990863325,0.143818659732532,"Raltegravir-UGT1A1-Kassahun 2007 Metabolite - Intracellular"
2.25,136.125584204216,0.15124107116844,"Raltegravir-UGT1A1-Kassahun 2007 Metabolite - Intracellular"
2.5,141.80169854383,0.157547465501411,"Raltegravir-UGT1A1-Kassahun 2007 Metabolite - Intracellular"
2.75,146.684837371111,0.162972831726427,"Raltegravir-UGT1A1-Kassahun 2007 Metabolite - Intracellular"
3,150.928244570736,0.167687430044054,"Raltegravir-UGT1A1-Kassahun 2007 Metabolite - Intracellular"
3.25,154.646374755073,0.171818424192658,"Raltegravir-UGT1A1-Kassahun 2007 Metabolite - Intracellular"
3.5,157.927073969506,0.175463414708385,"Raltegravir-UGT1A1-Kassahun 2007 Metabolite - Intracellular"
3.75,160.839310815092,0.178699028517483,"Raltegravir-UGT1A1-Kassahun 2007 Metabolite - Intracellular"
4,163.438319729641,0.18158663333116,"Raltegravir-UGT1A1-Kassahun 2007 Metabolite - Intracellular"
4.25,165.769053461961,0.184176173485168,"Raltegravir-UGT1A1-Kassahun 2007 Metabolite - Intracellular"
4.5,167.868520603515,0.18650876703272,"Raltegravir-UGT1A1-Kassahun 2007 Metabolite - Intracellular"
4.75,169.767584070563,0.188618703931447,"Raltegravir-UGT1A1-Kassahun 2007 Metabolite - Intracellular"
5,171.492155800574,0.190534773399786,"Raltegravir-UGT1A1-Kassahun 2007 Metabolite - Intracellular"
5.25,173.06414326746,0.192281315533986,"Raltegravir-UGT1A1-Kassahun 2007 Metabolite - Intracellular"
5.5,174.502257179003,0.193879118692853,"Raltegravir-UGT1A1-Kassahun 2007 Metabolite - Intracellular"
5.75,175.822498166934,0.195345960230264,"Raltegravir-UGT1A1-Kassahun 2007 Metabolite - Intracellular"
6,177.038610384334,0.196697110460368,"Raltegravir-UGT1A1-Kassahun 2007 Metabolite - Intracellular"
6.25,178.162182010245,0.197945444322299,"Raltegravir-UGT1A1-Kassahun 2007 Metabolite - Intracellular"
6.5,179.203265948221,0.199102131001561,"Raltegravir-UGT1A1-Kassahun 2007 Metabolite - Intracellular"
6.75,180.170731505379,0.200177024659785,"Raltegravir-UGT1A1-Kassahun 2007 Metabolite - Intracellular"
7,181.072330060415,0.201178737394571,"Raltegravir-UGT1A1-Kassahun 2007 Metabolite - Intracellular"
7.25,181.914861886296,0.202114824586297,"Raltegravir-UGT1A1-Kassahun 2007 Metabolite - Intracellular"
7.5,182.704287233762,0.202991908316415,"Raltegravir-UGT1A1-Kassahun 2007 Metabolite - Intracellular"
7.75,183.44589146506,0.203815860837759,"Raltegravir-UGT1A1-Kassahun 2007 Metabolite - Intracellular"
8,184.144298899919,0.20459181995799,"Raltegravir-UGT1A1-Kassahun 2007 Metabolite - Intracellular"
8.25,184.803620990831,0.205324353668369,"Raltegravir-UGT1A1-Kassahun 2007 Metabolite - Intracellular"
8.5,185.427472283132,0.206017477876056,"Raltegravir-UGT1A1-Kassahun 2007 Metabolite - Intracellular"
8.75,186.019078979269,0.206674777023436,"Raltegravir-UGT1A1-Kassahun 2007 Metabolite - Intracellular"
9,186.58130098274,0.207299428579839,"Raltegravir-UGT1A1-Kassahun 2007 Metabolite - Intracellular"
9.25,187.116708537564,0.207894288191106,"Raltegravir-UGT1A1-Kassahun 2007 Metabolite - Intracellular"
9.5,187.627528630663,0.208461830130458,"Raltegravir-UGT1A1-Kassahun 2007 Metabolite - Intracellular"
9.75,188.11581185367,0.20900433268876,"Raltegravir-UGT1A1-Kassahun 2007 Metabolite - Intracellular"
10,188.583375650924,0.209523815120734,"Raltegravir-UGT1A1-Kassahun 2007 Metabolite - Intracellular"
10.25,189.0318073784,0.210022041043553,"Raltegravir-UGT1A1-Kassahun 2007 Metabolite - Intracellular"
10.5,189.462574006524,0.210500640321139,"Raltegravir-UGT1A1-Kassahun 2007 Metabolite - Intracellular"
10.75,189.87697581714,0.210961057619607,"Raltegravir-UGT1A1-Kassahun 2007 Metabolite - Intracellular"
11,190.276169426274,0.211404577986494,"Raltegravir-UGT1A1-Kassahun 2007 Metabolite - Intracellular"
11.25,190.661213518586,0.2118323776636,"Raltegravir-UGT1A1-Kassahun 2007 Metabolite - Intracellular"
11.5,191.033053389285,0.212245506912421,"Raltegravir-UGT1A1-Kassahun 2007 Metabolite - Intracellular"
11.75,191.39253606787,0.212644906817248,"Raltegravir-UGT1A1-Kassahun 2007 Metabolite - Intracellular"
12,191.740432212595,0.213031433610806,"Raltegravir-UGT1A1-Kassahun 2007 Metabolite - Intracellular"
12.25,192.077449135017,0.213405873145056,"Raltegravir-UGT1A1-Kassahun 2007 Metabolite - Intracellular"
12.5,192.404190057889,0.213768895625059,"Raltegravir-UGT1A1-Kassahun 2007 Metabolite - Intracellular"
12.75,192.721231172327,0.214121141222626,"Raltegravir-UGT1A1-Kassahun 2007 Metabolite - Intracellular"
13,193.0291149728,0.214463212671216,"Raltegravir-UGT1A1-Kassahun 2007 Metabolite - Intracellular"
13.25,193.328299175948,0.21479561851267,"Raltegravir-UGT1A1-Kassahun 2007 Metabolite - Intracellular"
13.5,193.619200887159,0.215118822168069,"Raltegravir-UGT1A1-Kassahun 2007 Metabolite - Intracellular"
13.75,193.902231968939,0.215433281233444,"Raltegravir-UGT1A1-Kassahun 2007 Metabolite - Intracellular"
14,194.177743295673,0.215739385544532,"Raltegravir-UGT1A1-Kassahun 2007 Metabolite - Intracellular"
14.25,194.446071799845,0.216037509447053,"Raltegravir-UGT1A1-Kassahun 2007 Metabolite - Intracellular"
14.5,194.707510399632,0.21632797838504,"Raltegravir-UGT1A1-Kassahun 2007 Metabolite - Intracellular"
14.75,194.962350077461,0.216611115651825,"Raltegravir-UGT1A1-Kassahun 2007 Metabolite - Intracellular"
15,195.210846180096,0.216887204948069,"Raltegravir-UGT1A1-Kassahun 2007 Metabolite - Intracellular"
15.25,195.453251180239,0.217156526781231,"Raltegravir-UGT1A1-Kassahun 2007 Metabolite - Intracellular"
15.5,195.689762196504,0.217419300158125,"Raltegravir-UGT1A1-Kassahun 2007 Metabolite - Intracellular"
15.75,195.920611237176,0.21767578284941,"Raltegravir-UGT1A1-Kassahun 2007 Metabolite - Intracellular"
16,196.145975727588,0.217926171981861,"Raltegravir-UGT1A1-Kassahun 2007 Metabolite - Intracellular"
16.25,196.366049066186,0.218170682429032,"Raltegravir-UGT1A1-Kassahun 2007 Metabolite - Intracellular"
16.5,196.581018378492,0.218409522095004,"Raltegravir-UGT1A1-Kassahun 2007 Metabolite - Intracellular"
16.75,196.791009305976,0.218642830572569,"Raltegravir-UGT1A1-Kassahun 2007 Metabolite - Intracellular"
17,196.996194779407,0.218870799994859,"Raltegravir-UGT1A1-Kassahun 2007 Metabolite - Intracellular"
17.25,197.196710825898,0.219093581493539,"Raltegravir-UGT1A1-Kassahun 2007 Metabolite - Intracellular"
17.5,197.392724039499,0.219311360161388,"Raltegravir-UGT1A1-Kassahun 2007 Metabolite - Intracellular"
17.75,197.584323638584,0.219524235123656,"Raltegravir-UGT1A1-Kassahun 2007 Metabolite - Intracellular"
18,197.771657093428,0.219732370225825,"Raltegravir-UGT1A1-Kassahun 2007 Metabolite - Intracellular"
18.25,197.954843122978,0.219935897369486,"Raltegravir-UGT1A1-Kassahun 2007 Metabolite - Intracellular"
18.5,198.133982769214,0.220134928816394,"Raltegravir-UGT1A1-Kassahun 2007 Metabolite - Intracellular"
18.75,198.309203881305,0.220329606612188,"Raltegravir-UGT1A1-Kassahun 2007 Metabolite - Intracellular"
19,198.48060846515,0.220520044089577,"Raltegravir-UGT1A1-Kassahun 2007 Metabolite - Intracellular"
19.25,198.648291639052,0.220706346928871,"Raltegravir-UGT1A1-Kassahun 2007 Metabolite - Intracellular"
19.5,198.812335534953,0.220888606382005,"Raltegravir-UGT1A1-Kassahun 2007 Metabolite - Intracellular"
19.75,198.97287175199,0.221066968660985,"Raltegravir-UGT1A1-Kassahun 2007 Metabolite - Intracellular"
20,199.129962606821,0.221241503002155,"Raltegravir-UGT1A1-Kassahun 2007 Metabolite - Intracellular"
20.25,199.283685197588,0.221412295064692,"Raltegravir-UGT1A1-Kassahun 2007 Metabolite - Intracellular"
20.5,199.434170654975,0.221579490540131,"Raltegravir-UGT1A1-Kassahun 2007 Metabolite - Intracellular"
20.75,199.581449990626,0.221743123883673,"Raltegravir-UGT1A1-Kassahun 2007 Metabolite - Intracellular"
21,199.725648642052,0.221903334461502,"Raltegravir-UGT1A1-Kassahun 2007 Metabolite - Intracellular"
21.25,199.86681074556,0.222060171310855,"Raltegravir-UGT1A1-Kassahun 2007 Metabolite - Intracellular"
21.5,200.005034134723,0.222213743128819,"Raltegravir-UGT1A1-Kassahun 2007 Metabolite - Intracellular"
21.75,200.140361637343,0.222364097498824,"Raltegravir-UGT1A1-Kassahun 2007 Metabolite - Intracellular"
22,200.272903167643,0.222511356540055,"Raltegravir-UGT1A1-Kassahun 2007 Metabolite - Intracellular"
22.25,200.402689722367,0.222655554691155,"Raltegravir-UGT1A1-Kassahun 2007 Metabolite - Intracellular"
22.5,200.529823649209,0.222796805664585,"Raltegravir-UGT1A1-Kassahun 2007 Metabolite - Intracellular"
22.75,200.654339271132,0.222935147594553,"Raltegravir-UGT1A1-Kassahun 2007 Metabolite - Intracellular"
23,200.776326732244,0.223070680634838,"Raltegravir-UGT1A1-Kassahun 2007 Metabolite - Intracellular"
23.25,200.89582789503,0.223203451296365,"Raltegravir-UGT1A1-Kassahun 2007 Metabolite - Intracellular"
23.5,201.012904665433,0.223333528359161,"Raltegravir-UGT1A1-Kassahun 2007 Metabolite - Intracellular"
23.75,201.1276166467,0.223460978044862,"Raltegravir-UGT1A1-Kassahun 2007 Metabolite - Intracellular"
24,201.240035537165,0.223585880013238,"Raltegravir-UGT1A1-Kassahun 2007 Metabolite - Intracellular"
0,0,0,"Raltegravir-UGT1A9-Kassahun 2007 Metabolite - Intracellular"
0.05,0.0140631699693728,1.56247549101495e-05,"Raltegravir-UGT1A9-Kassahun 2007 Metabolite - Intracellular"
0.1,0.143272356956921,0.000159181426927685,"Raltegravir-UGT1A9-Kassahun 2007 Metabolite - Intracellular"
0.15,0.491135277891544,0.00054567130750008,"Raltegravir-UGT1A9-Kassahun 2007 Metabolite - Intracellular"
0.2,1.11130939024304,0.00123471001841767,"Raltegravir-UGT1A9-Kassahun 2007 Metabolite - Intracellular"
0.25,2.02494107073562,0.00224979204593591,"Raltegravir-UGT1A9-Kassahun 2007 Metabolite - Intracellular"
0.3,3.22250316151803,0.00358033232945037,"Raltegravir-UGT1A9-Kassahun 2007 Metabolite - Intracellular"
0.35,4.67284292840486,0.00519171891180713,"Raltegravir-UGT1A9-Kassahun 2007 Metabolite - Intracellular"
0.4,6.33300238861011,0.00703622372359317,"Raltegravir-UGT1A9-Kassahun 2007 Metabolite - Intracellular"
0.45,8.15585066246422,0.00906148243691224,"Raltegravir-UGT1A9-Kassahun 2007 Metabolite - Intracellular"
0.5,10.0953045330025,0.0112162947198255,"Raltegravir-UGT1A9-Kassahun 2007 Metabolite - Intracellular"
0.55,12.1096025975494,0.0134542619521832,"Raltegravir-UGT1A9-Kassahun 2007 Metabolite - Intracellular"
0.6,14.1629014618666,0.0157355606623683,"Raltegravir-UGT1A9-Kassahun 2007 Metabolite - Intracellular"
0.65,16.225830776908,0.0180275591957489,"Raltegravir-UGT1A9-Kassahun 2007 Metabolite - Intracellular"
0.7,18.2752742931189,0.0203045744570825,"Raltegravir-UGT1A9-Kassahun 2007 Metabolite - Intracellular"
0.75,20.293692058156,0.0225471188445627,"Raltegravir-UGT1A9-Kassahun 2007 Metabolite - Intracellular"
0.8,22.2682572801568,0.0247409412697384,"Raltegravir-UGT1A9-Kassahun 2007 Metabolite - Intracellular"
0.85,24.1899402500567,0.0268760093578782,"Raltegravir-UGT1A9-Kassahun 2007 Metabolite - Intracellular"
0.9,26.0527323877031,0.028945647331583,"Raltegravir-UGT1A9-Kassahun 2007 Metabolite - Intracellular"
0.95,27.8529766772117,0.0309457920971818,"Raltegravir-UGT1A9-Kassahun 2007 Metabolite - Intracellular"
1,29.5888272906304,0.0328743928646025,"Raltegravir-UGT1A9-Kassahun 2007 Metabolite - Intracellular"
1.05,31.2597451764159,0.034730850725614,"Raltegravir-UGT1A9-Kassahun 2007 Metabolite - Intracellular"
1.1,32.8661810616904,0.0365156664564163,"Raltegravir-UGT1A9-Kassahun 2007 Metabolite - Intracellular"
1.15,34.4093183066871,0.0382301548184503,"Raltegravir-UGT1A9-Kassahun 2007 Metabolite - Intracellular"
1.2,35.890845429356,0.0398761918239657,"Raltegravir-UGT1A9-Kassahun 2007 Metabolite - Intracellular"
1.25,37.3127912762866,0.0414560316041989,"Raltegravir-UGT1A9-Kassahun 2007 Metabolite - Intracellular"
1.3,38.6774009794754,0.042972168592287,"Raltegravir-UGT1A9-Kassahun 2007 Metabolite - Intracellular"
1.35,39.987057732942,0.0444272506139012,"Raltegravir-UGT1A9-Kassahun 2007 Metabolite - Intracellular"
1.4,41.2441897535464,0.0458239755169225,"Raltegravir-UGT1A9-Kassahun 2007 Metabolite - Intracellular"
1.45,42.4512401636166,0.0471650577098147,"Raltegravir-UGT1A9-Kassahun 2007 Metabolite - Intracellular"
1.5,43.6106106108055,0.0484531655209872,"Raltegravir-UGT1A9-Kassahun 2007 Metabolite - Intracellular"
1.55,44.724648810894,0.0496909073583423,"Raltegravir-UGT1A9-Kassahun 2007 Metabolite - Intracellular"
1.6,45.795628972759,0.0508808099606159,"Raltegravir-UGT1A9-Kassahun 2007 Metabolite - Intracellular"
1.65,46.8257262355182,0.0520252899960049,"Raltegravir-UGT1A9-Kassahun 2007 Metabolite - Intracellular"
1.7,47.8170187810902,0.0531266564093065,"Raltegravir-UGT1A9-Kassahun 2007 Metabolite - Intracellular"
1.75,48.7714857705287,0.0541871081291025,"Raltegravir-UGT1A9-Kassahun 2007 Metabolite - Intracellular"
1.8,49.6910052630701,0.0552087317557354,"Raltegravir-UGT1A9-Kassahun 2007 Metabolite - Intracellular"
1.85,50.5773529265425,0.0561935001285205,"Raltegravir-UGT1A9-Kassahun 2007 Metabolite - Intracellular"
1.9,51.4321995786158,0.057143269593975,"Raltegravir-UGT1A9-Kassahun 2007 Metabolite - Intracellular"
1.95,52.2571224042913,0.0580597924689056,"Raltegravir-UGT1A9-Kassahun 2007 Metabolite - Intracellular"
2,53.0536107333028,0.0589447234593368,"Raltegravir-UGT1A9-Kassahun 2007 Metabolite - Intracellular"
2.25,56.6555202480522,0.0629465917080361,"Raltegravir-UGT1A9-Kassahun 2007 Metabolite - Intracellular"
2.5,59.7237446108484,0.0663555140052454,"Raltegravir-UGT1A9-Kassahun 2007 Metabolite - Intracellular"
2.75,62.3660660599708,0.0692912408098195,"Raltegravir-UGT1A9-Kassahun 2007 Metabolite - Intracellular"
3,64.6627899140585,0.071842994603208,"Raltegravir-UGT1A9-Kassahun 2007 Metabolite - Intracellular"
3.25,66.6748687480576,0.0740784961799935,"Raltegravir-UGT1A9-Kassahun 2007 Metabolite - Intracellular"
3.5,68.4495454408461,0.0760502343037568,"Raltegravir-UGT1A9-Kassahun 2007 Metabolite - Intracellular"
3.75,70.0241419670638,0.077799675209193,"Raltegravir-UGT1A9-Kassahun 2007 Metabolite - Intracellular"
4,71.4286489377846,0.0793601396873229,"Raltegravir-UGT1A9-Kassahun 2007 Metabolite - Intracellular"
4.25,72.6875249262666,0.080758802209723,"Raltegravir-UGT1A9-Kassahun 2007 Metabolite - Intracellular"
4.5,73.8209369966644,0.0820180692064767,"Raltegravir-UGT1A9-Kassahun 2007 Metabolite - Intracellular"
4.75,74.8457043173839,0.0831566274590645,"Raltegravir-UGT1A9-Kassahun 2007 Metabolite - Intracellular"
5,75.7759501914843,0.0841901685327094,"Raltegravir-UGT1A9-Kassahun 2007 Metabolite - Intracellular"
5.25,76.6236080633244,0.0851319509703819,"Raltegravir-UGT1A9-Kassahun 2007 Metabolite - Intracellular"
5.5,77.3988491547643,0.0859932754140462,"Raltegravir-UGT1A9-Kassahun 2007 Metabolite - Intracellular"
5.75,78.110381320992,0.086783816645661,"Raltegravir-UGT1A9-Kassahun 2007 Metabolite - Intracellular"
6,78.7656573442509,0.0875118550099996,"Raltegravir-UGT1A9-Kassahun 2007 Metabolite - Intracellular"
6.25,79.371005482506,0.0881844214595376,"Raltegravir-UGT1A9-Kassahun 2007 Metabolite - Intracellular"
6.5,79.9318891165312,0.0888075860329477,"Raltegravir-UGT1A9-Kassahun 2007 Metabolite - Intracellular"
6.75,80.4530843115645,0.0893866551333338,"Raltegravir-UGT1A9-Kassahun 2007 Metabolite - Intracellular"
7,80.9387704677647,0.0899262722445831,"Raltegravir-UGT1A9-Kassahun 2007 Metabolite - Intracellular"
7.25,81.392607437796,0.0904305036121444,"Raltegravir-UGT1A9-Kassahun 2007 Metabolite - Intracellular"
7.5,81.8178113392787,0.0909029224737507,"Raltegravir-UGT1A9-Kassahun 2007 Metabolite - Intracellular"
7.75,82.2172049061628,0.0913466650018468,"Raltegravir-UGT1A9-Kassahun 2007 Metabolite - Intracellular"
8,82.5932832303224,0.0917645033451798,"Raltegravir-UGT1A9-Kassahun 2007 Metabolite - Intracellular"
8.25,82.9482391983038,0.0921588738900628,"Raltegravir-UGT1A9-Kassahun 2007 Metabolite - Intracellular"
8.5,83.2840195108438,0.0925319395003425,"Raltegravir-UGT1A9-Kassahun 2007 Metabolite - Intracellular"
8.75,83.6023498532595,0.0928856174827278,"Raltegravir-UGT1A9-Kassahun 2007 Metabolite - Intracellular"
9,83.9047679783544,0.0932216163432468,"Raltegravir-UGT1A9-Kassahun 2007 Metabolite - Intracellular"
9.25,84.192635234911,0.0935414485958719,"Raltegravir-UGT1A9-Kassahun 2007 Metabolite - Intracellular"
9.5,84.4671696630539,0.0938464675328167,"Raltegravir-UGT1A9-Kassahun 2007 Metabolite - Intracellular"
9.75,84.7294536407571,0.094137875720117,"Raltegravir-UGT1A9-Kassahun 2007 Metabolite - Intracellular"
10,84.9804629584542,0.0944167573007081,"Raltegravir-UGT1A9-Kassahun 2007 Metabolite - Intracellular"
10.25,85.221057393821,0.0946840675226239,"Raltegravir-UGT1A9-Kassahun 2007 Metabolite - Intracellular"
10.5,85.4520286921179,0.0949406860471122,"Raltegravir-UGT1A9-Kassahun 2007 Metabolite - Intracellular"
10.75,85.6740680871299,0.0951873808630758,"Raltegravir-UGT1A9-Kassahun 2007 Metabolite - Intracellular"
11,85.8878106344491,0.0954248575431563,"Raltegravir-UGT1A9-Kassahun 2007 Metabolite - Intracellular"
11.25,86.0938200287055,0.095653742375058,"Raltegravir-UGT1A9-Kassahun 2007 Metabolite - Intracellular"
11.5,86.2926075139549,0.09587460337176,"Raltegravir-UGT1A9-Kassahun 2007 Metabolite - Intracellular"
11.75,86.484641832998,0.0960879613256155,"Raltegravir-UGT1A9-Kassahun 2007 Metabolite - Intracellular"
12,86.6703340479871,0.0962942729434261,"Raltegravir-UGT1A9-Kassahun 2007 Metabolite - Intracellular"
12.25,86.8500640953425,0.0964939603500374,"Raltegravir-UGT1A9-Kassahun 2007 Metabolite - Intracellular"
12.5,87.0241715626325,0.0966874008410759,"Raltegravir-UGT1A9-Kassahun 2007 Metabolite - Intracellular"
12.75,87.1929842554964,0.0968749586219649,"Raltegravir-UGT1A9-Kassahun 2007 Metabolite - Intracellular"
13,87.3567705536261,0.0970569318734787,"Raltegravir-UGT1A9-Kassahun 2007 Metabolite - Intracellular"
13.25,87.5157929444686,0.0972336122298671,"Raltegravir-UGT1A9-Kassahun 2007 Metabolite - Intracellular"
13.5,87.6702946446603,0.0974052699147244,"Raltegravir-UGT1A9-Kassahun 2007 Metabolite - Intracellular"
13.75,87.8204920070712,0.0975721453049053,"Raltegravir-UGT1A9-Kassahun 2007 Metabolite - Intracellular"
14,87.966580334818,0.0977344553901314,"Raltegravir-UGT1A9-Kassahun 2007 Metabolite - Intracellular"
14.25,88.1087434604997,0.0978924044159112,"Raltegravir-UGT1A9-Kassahun 2007 Metabolite - Intracellular"
14.5,88.2471574622905,0.0980461880122713,"Raltegravir-UGT1A9-Kassahun 2007 Metabolite - Intracellular"
14.75,88.3819698210573,0.0981959700364648,"Raltegravir-UGT1A9-Kassahun 2007 Metabolite - Intracellular"
15,88.5133279188303,0.0983419142359332,"Raltegravir-UGT1A9-Kassahun 2007 Metabolite - Intracellular"
15.25,88.6413659444079,0.0984841696998994,"Raltegravir-UGT1A9-Kassahun 2007 Metabolite - Intracellular"
15.5,88.7662104101619,0.0986228769887641,"Raltegravir-UGT1A9-Kassahun 2007 Metabolite - Intracellular"
15.75,88.8879724823637,0.0987581596127847,"Raltegravir-UGT1A9-Kassahun 2007 Metabolite - Intracellular"
16,89.0067673485028,0.098890145549956,"Raltegravir-UGT1A9-Kassahun 2007 Metabolite - Intracellular"
16.25,89.1227005902911,0.0990189521058624,"Raltegravir-UGT1A9-Kassahun 2007 Metabolite - Intracellular"
16.5,89.2358549385099,0.0991446711977732,"Raltegravir-UGT1A9-Kassahun 2007 Metabolite - Intracellular"
16.75,89.3463362260954,0.0992674204103933,"Raltegravir-UGT1A9-Kassahun 2007 Metabolite - Intracellular"
17,89.4542233577231,0.0993872874100322,"Raltegravir-UGT1A9-Kassahun 2007 Metabolite - Intracellular"
17.25,89.5595936493482,0.0995043580978671,"Raltegravir-UGT1A9-Kassahun 2007 Metabolite - Intracellular"
17.5,89.6625300043961,0.0996187245829818,"Raltegravir-UGT1A9-Kassahun 2007 Metabolite - Intracellular"
17.75,89.7630982592236,0.0997304600122515,"Raltegravir-UGT1A9-Kassahun 2007 Metabolite - Intracellular"
18,89.8613777074497,0.0998396524841182,"Raltegravir-UGT1A9-Kassahun 2007 Metabolite - Intracellular"
18.25,89.9574304915732,0.0999463710414303,"Raltegravir-UGT1A9-Kassahun 2007 Metabolite - Intracellular"
18.5,90.0513148873579,0.100050680430936,"Raltegravir-UGT1A9-Kassahun 2007 Metabolite - Intracellular"
18.75,90.1430989302462,0.100152656242785,"Raltegravir-UGT1A9-Kassahun 2007 Metabolite - Intracellular"
19,90.2328372229822,0.10025235914285,"Raltegravir-UGT1A9-Kassahun 2007 Metabolite - Intracellular"
19.25,90.3205939267064,0.100349860416773,"Raltegravir-UGT1A9-Kassahun 2007 Metabolite - Intracellular"
19.5,90.4064142336138,0.100445210274925,"Raltegravir-UGT1A9-Kassahun 2007 Metabolite - Intracellular"
19.75,90.4903471322032,0.100538463145523,"Raltegravir-UGT1A9-Kassahun 2007 Metabolite - Intracellular"
20,90.5724512031302,0.100629684114064,"Raltegravir-UGT1A9-Kassahun 2007 Metabolite - Intracellular"
20.25,90.6527793277055,0.100718931933838,"Raltegravir-UGT1A9-Kassahun 2007 Metabolite - Intracellular"
20.5,90.7313614874147,0.100806239915498,"Raltegravir-UGT1A9-Kassahun 2007 Metabolite - Intracellular"
20.75,90.8082639224594,0.100891681654607,"Raltegravir-UGT1A9-Kassahun 2007 Metabolite - Intracellular"
21,90.8835071858484,0.100975279986395,"Raltegravir-UGT1A9-Kassahun 2007 Metabolite - Intracellular"
21.25,90.9571517840959,0.101057102136066,"Raltegravir-UGT1A9-Kassahun 2007 Metabolite - Intracellular"
21.5,91.0292353880359,0.10113718995745,"Raltegravir-UGT1A9-Kassahun 2007 Metabolite - Intracellular"
21.75,91.0997938466026,0.101215583280175,"Raltegravir-UGT1A9-Kassahun 2007 Metabolite - Intracellular"
22,91.1688723629341,0.101292332326769,"Raltegravir-UGT1A9-Kassahun 2007 Metabolite - Intracellular"
22.25,91.23649920139,0.101367468500087,"Raltegravir-UGT1A9-Kassahun 2007 Metabolite - Intracellular"
22.5,91.3027100878535,0.101441031493041,"Raltegravir-UGT1A9-Kassahun 2007 Metabolite - Intracellular"
22.75,91.3675483778352,0.101513069475371,"Raltegravir-UGT1A9-Kassahun 2007 Metabolite - Intracellular"
23,91.4310499909334,0.101583622355214,"Raltegravir-UGT1A9-Kassahun 2007 Metabolite - Intracellular"
23.25,91.4932448342443,0.101652723360572,"Raltegravir-UGT1A9-Kassahun 2007 Metabolite - Intracellular"
23.5,91.5541552822106,0.101720397350364,"Raltegravir-UGT1A9-Kassahun 2007 Metabolite - Intracellular"
23.75,91.6138305240311,0.101786698975792,"Raltegravir-UGT1A9-Kassahun 2007 Metabolite - Intracellular"
24,91.672290989547,0.101851650935245,"Raltegravir-UGT1A9-Kassahun 2007 Metabolite - Intracellular"
